acc_x, acc_y, angular_z, stamp, 
-0.000379025936126709, 0.019993066787719727, -4.3337802589459244e-11, 1791229212871480652
0.03903090953826904, -0.007154226303100586, -2.090034596501994e-11, 1791229212901321915
0.024293363094329834, -0.01436382532119751, 2.5106142307241337e-11, 1791229212930106404
0.015394806861877441, 0.023375868797302246, 5.632957234862208e-11, 1791229213020152318
-0.0079118013381958, -0.02323991060256958, 7.958543681578063e-13, 1791229213080255438
-0.0400615930557251, 0.009190499782562256, 1.6443209162677076e-11, 1791229213111763579
0.01059877872467041, 0.01098543405532837, -4.309070581700041e-11, 1791229213143671003
0.021555304527282715, -0.032194554805755615, -6.812836914667366e-11, 1791229213170492146
-0.005496025085449219, 0.007416963577270508, -5.671247310139996e-11, 1791229213200403232
-0.01808023452758789, 0.00946044921875, -6.269589029881251e-11, 1791229213230400151
-0.01975703239440918, 0.01842564344406128, -7.919255302112897e-11, 1791229213260411203
0.03244590759277344, 0.011068940162658691, -7.712719861449321e-11, 1791229213290684810
0.035725176334381104, -0.028556406497955322, -3.1372287814794946e-11, 1791229213320462399
-0.04721909761428833, 0.0020864009857177734, 1.751267145263328e-12, 1791229213351797520
-0.009373843669891357, 0.041607439517974854, -2.4716185327351855e-12, 1791229213383677660
0.05519115924835205, -0.014709055423736572, 2.258382463548534e-12, 1791229213440630541
0.0018643736839294434, -0.022893905639648438, -2.667415172330135e-10, 1791229213590983632
0.0034848451614379883, -0.004913508892059326, -2.959843743770853e-10, 1791229213623799587
-0.009113848209381104, 0.011100709438323975, -3.643413146164817e-10, 1791229213651059363
0.030390620231628418, 0.018055260181427002, -3.543675789022988e-10, 1791229213679984852
0.017519056797027588, -0.03771251440048218, -4.171552192533256e-10, 1791229213711092837
0.04220634698867798, 0.0014753341674804688, 0.0017998740377007264, 1791229213741029794
0.5660420656204224, 0.3322440981864929, 0.05674244974111921, 1791229213771117149
0.4516744017601013, 0.16070806980133057, 0.2242210804414017, 1791229213801230845
1.4006274938583374, -0.12400007247924805, 0.29080748911964827, 1791229213831513447
0.3081277012825012, 0.026062965393066406, 0.29924271859247287, 1791229213863501320
0.5899892449378967, 0.05907928943634033, 0.438080718924749, 1791229213891396220
0.05696922540664673, 0.38500291109085083, 0.48339823216395805, 1791229213921340169
0.07668238878250122, 0.03479129076004028, 0.5391073997784778, 1791229213951404891
-0.1409115195274353, -0.08378881216049194, 0.51515609541913, 1791229213981460854
0.008204162120819092, -0.20578062534332275, 0.5274499551636166, 1791229214011589510
0.1804930567741394, -0.043840885162353516, 0.5109839792566635, 1791229214041617146
-0.028239786624908447, 0.06534594297409058, 0.5065859847372591, 1791229214071110501
-0.08842200040817261, 0.07695895433425903, 0.45480516772368423, 1791229214102925806
-0.06279891729354858, -0.05970942974090576, 0.46480963903902583, 1791229214133662302
-0.03542560338973999, 0.17049825191497803, 0.5703558008594063, 1791229214160985567
0.3206174373626709, -0.04566633701324463, 0.5083764597813955, 1791229214191780082
-0.31272298097610474, 0.0013172626495361328, 0.5233850419972296, 1791229214221799043
0.4427293539047241, 0.17931538820266724, 0.5094225831976275, 1791229214251886224
-0.2918779253959656, 0.25162941217422485, 0.5094486626555836, 1791229214281892454
0.2758414149284363, -0.06495672464370728, 0.504778438776236, 1791229214312789878
-0.35249918699264526, -0.09038686752319336, 0.48543306770747857, 1791229214343550313
0.3321407437324524, 0.08747148513793945, 0.49213947178163886, 1791229214374706983
-0.1753554344177246, -0.047576904296875, 0.5489374430211029, 1791229214402155108
-0.11161458492279053, 0.05068373680114746, 0.5136276218019996, 1791229214432214448
-0.10853683948516846, 0.03379476070404053, 0.5082005599513879, 1791229214462230958
0.2802456021308899, 0.17901402711868286, 0.5040779815812982, 1791229214492302211
0.1959906816482544, -0.0569378137588501, 0.49294688014520077, 1791229214522360442
-0.2108464241027832, 0.06778812408447266, 0.48748272357240546, 1791229214552411202
0.2489190697669983, 0.15475332736968994, 0.4590985995939931, 1791229214583824080
-0.5560338497161865, -0.14627832174301147, 0.4371608203820055, 1791229214616312507
0.07477933168411255, 0.1059371829032898, 0.543410605913069, 1791229214642525137
-0.23589366674423218, -0.13662999868392944, 0.5120009176524756, 1791229214672619406
0.00643843412399292, 0.25256550312042236, 0.5224954769635327, 1791229214702575598
0.20672714710235596, -0.02500087022781372, 0.48811011390663167, 1791229214732673555
0.11552637815475464, -0.04760563373565674, 0.4956985379795254, 1791229214762696652
-0.061737656593322754, 0.2066096067428589, 0.489693434909162, 1791229214792764212
-0.105133056640625, 0.18683457374572754, 0.4904808157169953, 1791229214823592438
-0.10703033208847046, 0.09332448244094849, 0.47500492259580857, 1791229214855157123
-0.21539580821990967, -0.18137866258621216, 0.5491917687391029, 1791229214882954210
0.19736480712890625, 0.07472610473632812, 0.5273897174323093, 1791229214913043046
0.1907975673675537, -0.09831637144088745, 0.539485525616795, 1791229214942015002
-0.02973496913909912, 0.1729961633682251, 0.48794911030363153, 1791229214973102005
-0.2679387331008911, 0.015775561332702637, 0.4859994550199595, 1791229215003146229
0.028555333614349365, 0.15933609008789062, 0.5036041645595736, 1791229215033170759
0.055226802825927734, 0.0882156491279602, 0.5078085892768662, 1791229215062998224
0.016579091548919678, 0.03031444549560547, 0.4904525804510131, 1791229215095597134
0.0256497859954834, 0.05837249755859375, 0.568930457347405, 1791229215123305786
0.05377459526062012, -0.024011611938476562, 0.5115987605900328, 1791229215153350660
0.07149875164031982, -0.021185636520385742, 0.48207478199495374, 1791229215183473410
-0.17052650451660156, 0.10782420635223389, 0.4778461392772312, 1791229215213439011
-0.13953381776809692, -0.03259521722793579, 0.5091524976582191, 1791229215243496723
-0.09256601333618164, -0.1657460331916809, 0.48932226330432427, 1791229215274031901
0.01659494638442993, 0.22512489557266235, 0.48180879247604735, 1791229215303861062
-0.21674370765686035, -0.3055959939956665, 0.4772490509618857, 1791229215335671223
0.11102068424224854, 0.121509850025177, 0.489158997979414, 1791229215366539251
-0.04978370666503906, 0.14137542247772217, 0.5354413228637848, 1791229215393850018
-0.048628151416778564, -0.0486140251159668, 0.5029796391925636, 1791229215423822460
0.19299429655075073, -0.10207980871200562, 0.4420658044702285, 1791229215446063030
-0.23090577125549316, 0.1492685079574585, 0.5327103244018901, 1791229215474446323
0.03597062826156616, 0.01685810089111328, 0.5315353359662851, 1791229215504044811
0.10170626640319824, -0.1651814579963684, 0.4432600706808897, 1791229215526562656
-0.04957455396652222, 0.034390270709991455, 0.510582702174959, 1791229215564517624
-0.2631605267524719, 0.06478822231292725, 0.5073015128680769, 1791229215594094683
0.16302210092544556, 0.019799232482910156, 0.5041635063939929, 1791229215624360644
-0.3157618045806885, -0.0765485167503357, 0.485462528451454, 1791229215655597009
-0.017642498016357422, 0.01772528886795044, 0.49174562627984675, 1791229215686734552
-0.1656181812286377, -0.10596370697021484, 0.5585920915658841, 1791229215714282215
0.4705691337585449, 0.2218306064605713, 0.5093809513177254, 1791229215744363260
0.03359854221343994, 0.025386691093444824, 0.40613314880673024, 1791229215768155103
0.07847905158996582, -0.04493433237075806, 0.5352543205157086, 1791229215804401022
-0.48919200897216797, -0.05643343925476074, 0.47323430087568735, 1791229215835354929
0.05993837118148804, 0.18609321117401123, 0.5286550780355103, 1791229215865135610
0.056783437728881836, 0.10963761806488037, 0.4721836376276828, 1791229215896054230
0.20521658658981323, -0.03567695617675781, 0.46497521833537003, 1791229215927856513
-0.19786971807479858, -0.10596227645874023, 0.5157368097952945, 1791229215965204130
0.2625548243522644, 0.24318748712539673, 0.4845229419647775, 1791229215995317280
0.06054651737213135, -0.20660173892974854, 0.4684567450534584, 1791229216025421059
0.13555395603179932, 0.047692716121673584, 0.4921109840458953, 1791229216055631221
-0.11959123611450195, -0.041262805461883545, 0.4501876719968239, 1791229216088478492
-0.3596712350845337, 0.054041922092437744, 0.5573430635187911, 1791229216115272549
0.1574684977531433, 0.1785571575164795, 0.4813494199359644, 1791229216145320449
-0.30644118785858154, 0.04521167278289795, 0.4991153933812096, 1791229216175335783
0.49873048067092896, -0.16240626573562622, 0.5075357438429037, 1791229216205377759
-0.13332372903823853, 0.14536577463150024, 0.5113314856892501, 1791229216235438272
0.1402023434638977, 0.06550770998001099, 0.5101156648400127, 1791229216265174160
-0.23307251930236816, 0.31165623664855957, 0.4838019110656107, 1791229216295893015
-0.006613433361053467, -0.11036545038223267, 0.4744877805204077, 1791229216327750518
0.07187765836715698, 0.04022574424743652, 0.549112597018688, 1791229216355354564
0.2631378769874573, 0.0719839334487915, 0.5107001769386698, 1791229216385441605
-0.10628557205200195, 0.24231094121932983, 0.508399777089701, 1791229216415403762
0.03415614366531372, 0.07762432098388672, 0.4941087292651596, 1791229216445480198
-0.15262478590011597, 0.19677984714508057, 0.4934255197508633, 1791229216475510655
-0.08760780096054077, -0.128371000289917, 0.5147136155022846, 1791229216505568590
0.13225138187408447, 0.14688098430633545, 0.5012919397923497, 1791229216536562192
-0.017487823963165283, 0.10657656192779541, 0.480635784193902, 1791229216567778748
-0.2636371850967407, -0.01373589038848877, 0.538801435734989, 1791229216595717248
0.041267335414886475, 0.13919693231582642, 0.4867945111853578, 1791229216625760467
-0.5360231995582581, 0.08689409494400024, 0.5170233851608421, 1791229216655768627
0.0006592869758605957, 0.011056840419769287, 0.49734657345130373, 1791229216685840125
0.12043637037277222, 0.1319846510887146, 0.5021403513798234, 1791229216715909187
0.11822110414505005, 0.1860179901123047, 0.5097677762861621, 1791229216744986364
-0.37604784965515137, 0.03938925266265869, 0.5117363895649885, 1791229216775034028
-0.015525877475738525, -0.16351604461669922, 0.45865594461457954, 1791229216807860446
-0.33078640699386597, 0.09359931945800781, 0.495218497277093, 1791229216838911926
0.2730996608734131, 0.12252914905548096, 0.5423882743522588, 1791229216866234317
-0.10317212343215942, 0.15355658531188965, 0.5059744587226351, 1791229216896267292
0.06762862205505371, 0.2162136435508728, 0.48972049875560725, 1791229216926353210
-0.2786220908164978, -0.06696975231170654, 0.5113291112644353, 1791229216956365006
0.12363541126251221, -0.0848647952079773, 0.496477814586946, 1791229216986642324
0.32522523403167725, 0.060403287410736084, 0.5202713230337572, 1791229217016456650
-0.15121597051620483, 0.1314205527305603, 0.4709508332361301, 1791229217048194323
-0.08999878168106079, 0.11692136526107788, 0.489067805648689, 1791229217079113878
-0.17332017421722412, -0.04414021968841553, 0.539633797557743, 1791229217106573742
-0.03653061389923096, 0.08817398548126221, 0.508940536861654, 1791229217136580602
0.25003665685653687, -0.0574800968170166, 0.5134248832989138, 1791229217166661977
-0.14787006378173828, 0.38074320554733276, 0.4776768279588906, 1791229217196680451
-0.06407719850540161, -0.044137656688690186, 0.469183917439399, 1791229217226748699
0.03554612398147583, -0.032492756843566895, 0.4947573314754561, 1791229217256804596
-0.32010704278945923, 0.12087506055831909, 0.5001881268704585, 1791229217287828771
0.21891647577285767, 0.12924760580062866, 0.4753561634485881, 1791229217320232150
-0.06597352027893066, 0.09801936149597168, 0.5325178898066, 1791229217347019942
-0.02121645212173462, 0.07472145557403564, 0.49372195493466325, 1791229217376032406
-0.28555750846862793, -0.027216315269470215, 0.47444923970596714, 1791229217407098244
0.3509690761566162, -0.06412559747695923, 0.5187774232488842, 1791229217437095649
-0.2044140100479126, 0.2651165723800659, 0.5011569595061015, 1791229217467151571
0.43514031171798706, 0.07157748937606812, 0.48404317662011637, 1791229217497183029
-0.4859445095062256, -0.05295109748840332, 0.4678093711276957, 1791229217528248015
-0.08192914724349976, -0.046595871448516846, 0.4656219736246244, 1791229217560631599
0.0056996941566467285, 0.1696789264678955, 0.5876363998381181, 1791229217587411544
0.30484890937805176, 0.23118197917938232, 0.49528549360273716, 1791229217617361134
-0.19657117128372192, 0.09063547849655151, 0.4810177254703856, 1791229217647451195
-0.22364038228988647, -0.12829720973968506, 0.4981438495633002, 1791229217677500938
0.22369372844696045, 0.038306355476379395, 0.5290803250454138, 1791229217707533573
-0.3195376992225647, 0.13668179512023926, 0.5062542727388009, 1791229217737560116
0.10277003049850464, 0.09678018093109131, 0.48289739587165825, 1791229217768105937
0.18746066093444824, 0.118904709815979, 0.46044744175319197, 1791229217799014473
-0.4505773186683655, 0.0724068284034729, 0.4871798312508341, 1791229217829879951
0.04487037658691406, -0.13100606203079224, 0.5708850294394076, 1791229217857800716
0.3568211793899536, 0.30479228496551514, 0.5079127290994166, 1791229217887843628
0.03949880599975586, 0.0016880035400390625, 0.4214068592969102, 1791229217910068075
0.024912714958190918, 0.17669659852981567, 0.5138169728979529, 1791229217937907677
-0.06765639781951904, -0.19077140092849731, 0.49595593005569244, 1791229217967949202
0.12069892883300781, 0.07263904809951782, 0.5216029680239459, 1791229217997969693
0.11414623260498047, 0.1398105025291443, 0.522825494610561, 1791229218027033649
-0.15357065200805664, 0.08785539865493774, 0.4740883383883364, 1791229218058066053
-0.10329651832580566, -0.3564828634262085, 0.4945135791897627, 1791229218088150402
0.07382231950759888, 0.2320595383644104, 0.486110761741768, 1791229218119779476
-0.10407769680023193, 0.2719292640686035, 0.47180317447353154, 1791229218151537674
0.14920049905776978, -0.09835010766983032, 0.5413737313733984, 1791229218178350952
-0.5057922601699829, 0.12400120496749878, 0.49950483976122284, 1791229218208383200
0.3078770041465759, -0.13457953929901123, 0.4339732279577757, 1791229218231808661
-0.5198889374732971, 0.03730762004852295, 0.5496175970984222, 1791229218268472064
0.0742037296295166, -0.0848119854927063, 0.49856056332591114, 1791229218298042716
0.12164759635925293, 0.46484166383743286, 0.4681228574813408, 1791229218328536560
-0.5706002116203308, -0.2874460816383362, 0.4672401529379821, 1791229218359892772
0.345056414604187, -0.037757933139801025, 0.48454967266053034, 1791229218392191941
-0.01468747854232788, 0.32762420177459717, 0.589318147577886, 1791229218418771388
0.5308739542961121, 0.07746952772140503, 0.5018143666452599, 1791229218448045992
-0.4279295802116394, -0.1390182375907898, 0.4964890574525001, 1791229218478128014
0.17070186138153076, -0.0008539557456970215, 0.488622007697171, 1791229218509046710
-0.021265745162963867, 0.3814923167228699, 0.5144098687282241, 1791229218538077080
0.24602508544921875, -0.04048234224319458, 0.4645323649681152, 1791229218568914310
0.254854679107666, -0.27361589670181274, 0.4810958452899596, 1791229218599836885
-0.10135692358016968, 0.30249494314193726, 0.47095068465319645, 1791229218631830580
0.07371115684509277, 0.265630304813385, 0.5565177936883098, 1791229218659155201
0.014579176902770996, 0.006208539009094238, 0.48840649591348684, 1791229218689235334
0.1492038369178772, -0.2635059952735901, 0.5126164999508438, 1791229218719190166
0.36293065547943115, 0.27797508239746094, 0.506432221791291, 1791229218749254292
0.03631991147994995, 0.18710637092590332, 0.5082356779986846, 1791229218779322540
0.32585304975509644, 0.11114078760147095, 0.4864734412146785, 1791229218809375818
-0.09725034236907959, -0.15068316459655762, 0.4708478165742505, 1791229218840486557
0.03340679407119751, 0.14732730388641357, 0.490546920255878, 1791229218871744967
-0.08128684759140015, 0.20022571086883545, 0.5507242036932039, 1791229218899556830
-0.0515519380569458, 0.08705705404281616, 0.49513316850981964, 1791229218929550281
-0.2543635964393616, -0.09909313917160034, 0.4990939504652995, 1791229218959562734
0.2695240378379822, -0.06819641590118408, 0.5193048165840937, 1791229218989587239
-0.1598072052001953, 0.40262335538864136, 0.48860671511872394, 1791229219020273147
0.306036114692688, -0.04241609573364258, 0.47579353967708105, 1791229219050350477
0.45650362968444824, -0.10798156261444092, 0.48784126088768365, 1791229219080357323
0.34035980701446533, 0.17850202322006226, 0.4699026203927036, 1791229219112074919
-0.4295029640197754, 0.5110836029052734, 0.49958857014955926, 1791229219141857805
0.010670006275177002, -0.16115784645080566, 0.49593985539421764, 1791229219170502296
-0.4977823495864868, -0.11309784650802612, 0.48126830491585826, 1791229219200472595
0.39253485202789307, 0.090975821018219, 0.523837495966754, 1791229219230449705
-0.23957502841949463, 0.06051599979400635, 0.490774768896942, 1791229219260447967
-0.09258735179901123, 0.2630190849304199, 0.4744484208350776, 1791229219290442680
0.21199774742126465, -0.21916306018829346, 0.5002908284534155, 1791229219320539307
-0.1209033727645874, -0.0015200376510620117, 0.5085092461954336, 1791229219352169289
-0.1510530710220337, 0.2920264005661011, 0.48906149150935846, 1791229219383500697
0.0547981858253479, 0.09370970726013184, 0.5131224644806505, 1791229219410606388
-0.2992851138114929, -0.06786435842514038, 0.47647387550208387, 1791229219440574489
0.30449628829956055, -0.20354312658309937, 0.51280893022433, 1791229219470597178
-0.30153876543045044, 0.5896549224853516, 0.5049231874081275, 1791229219500797931
0.1819252371788025, 0.01808232069015503, 0.4847203170227448, 1791229219530652908
0.020070254802703857, -0.19616436958312988, 0.5041658376688389, 1791229219560688829
0.352436363697052, 0.23764556646347046, 0.49980683488222927, 1791229219591816897
-0.18146014213562012, 0.39974409341812134, 0.4735217862121058, 1791229219623786603
-0.08799105882644653, -0.10388779640197754, 0.5613872230998466, 1791229219650743728
-0.2731238007545471, -0.1265779733657837, 0.5072923236602959, 1791229219680779319
0.14516609907150269, 0.42950814962387085, 0.49473949806747297, 1791229219710817281
-0.270114541053772, -0.08518022298812866, 0.4835553723454993, 1791229219740890103
0.07203608751296997, -0.17360514402389526, 0.5004022056498841, 1791229219770885658
0.2585378885269165, 0.2014482021331787, 0.525219288749692, 1791229219799995555
-0.40422600507736206, 0.28749728202819824, 0.4808338792468523, 1791229219832178486
0.04284542798995972, -0.2225927710533142, 0.4577995061940547, 1791229219864490664
-0.3234466314315796, -0.09388846158981323, 0.5586472014359798, 1791229219891184915
0.20050376653671265, 0.44160205125808716, 0.5205010614841825, 1791229219921305368
-0.16949838399887085, 0.21892160177230835, 0.5063460903937791, 1791229219951262350
0.1322540044784546, -0.39509981870651245, 0.4878217222413989, 1791229219981217946
-0.15106338262557983, 0.0935869812965393, 0.5197962127406308, 1791229220011284963
0.42004120349884033, 0.3816918134689331, 0.5259141369907242, 1791229220041330265
0.28165411949157715, -0.050418198108673096, 0.47978717613328853, 1791229220071843945
-0.5563701391220093, -0.06533503532409668, 0.45653038894136566, 1791229220103829484
0.2522609233856201, 0.25167959928512573, 0.5640093102268737, 1791229220131511864
0.2306331992149353, 0.3057040572166443, 0.5058797874833411, 1791229220161574744
-0.01605623960494995, -0.2167109251022339, 0.47061243644957046, 1791229220191579037
-0.3811877369880676, -0.027339041233062744, 0.4974139028736505, 1791229220221650095
0.18831807374954224, 0.610177755355835, 0.48677735780918235, 1791229220251660030
-0.2660408616065979, -0.3338102102279663, 0.4872288185202843, 1791229220281762055
-0.10028034448623657, 0.04079413414001465, 0.49549501669761026, 1791229220312289103
-0.1479443907737732, 0.27752310037612915, 0.4679195746979872, 1791229220344363474
0.028704583644866943, 0.3743094205856323, 0.519213658385792, 1791229220372990445
0.13911813497543335, 0.10735297203063965, 0.5085089222388626, 1791229220411940331
-0.09753531217575073, 0.023098230361938477, 0.499557122813692, 1791229220440992112
-0.1754319667816162, 0.311201274394989, 0.46872138136532315, 1791229220472063852
-0.46727973222732544, -0.10270023345947266, 0.46203116590094623, 1791229220504482671
0.660944938659668, -0.09378290176391602, 0.5088545159737632, 1791229220534613340
-0.2972492575645447, 0.6820179224014282, 0.5373603232617963, 1791229220562202616
-0.050245583057403564, -0.22590577602386475, 0.47288915280518784, 1791229220592203538
-0.00422358512878418, -0.3316344618797302, 0.49731108482826347, 1791229220622296705
0.13291817903518677, 0.41192758083343506, 0.53068783079855, 1791229220652325606
-0.40422290563583374, 0.38860905170440674, 0.4933645151125264, 1791229220682418091
0.15556764602661133, -0.30798083543777466, 0.4983905732076132, 1791229220712464314
-0.3829284906387329, -0.14479780197143555, 0.4853338817637971, 1791229220743876683
0.22724974155426025, 0.37941867113113403, 0.4681739780811967, 1791229220775785727
-0.4135429859161377, 0.05725580453872681, 0.5356921954883486, 1791229220802666529
-0.2797086834907532, -0.35688185691833496, 0.5079252080452928, 1791229220832660366
0.18569278717041016, 0.34610724449157715, 0.5040470655303136, 1791229220862710262
-0.2795657515525818, 0.12355798482894897, 0.489264476323732, 1791229220892725574
0.004108786582946777, -0.1813027262687683, 0.5148403890004924, 1791229220922765404
-0.12014812231063843, 0.2585996389389038, 0.5108109361573766, 1791229220952797088
0.29648518562316895, 0.22617173194885254, 0.46697207126427154, 1791229220983845580
-0.34952598810195923, -0.04122304916381836, 0.45161413356567864, 1791229221016555350
0.0068122148513793945, 0.0951075553894043, 0.6032890178531496, 1791229221042017248
0.09938204288482666, 0.25244587659835815, 0.5249176577759465, 1791229221072007491
-0.14299190044403076, 0.06959062814712524, 0.49722982198170196, 1791229221103058156
-0.010165810585021973, -0.3472970128059387, 0.5149112777004923, 1791229221133083510
0.3204890489578247, 0.3848668932914734, 0.4919980774596333, 1791229221163166314
-0.6155991554260254, -0.013239026069641113, 0.515170134936853, 1791229221192231845
0.257648766040802, -0.15700578689575195, 0.4807980892570496, 1791229221223865725
0.22593390941619873, 0.5226178765296936, 0.4497962801799826, 1791229221255833879
-0.21010082960128784, -0.3134905695915222, 0.5176233565484897, 1791229221283458314
0.4051423668861389, -0.10442227125167847, 0.4871462666732669, 1791229221313723054
0.10170191526412964, 0.5286369323730469, 0.5105947546088623, 1791229221343528134
-0.7918604016304016, 0.12360334396362305, 0.4787672641419801, 1791229221373739962
0.024550914764404297, -0.39283502101898193, 0.4690052740293367, 1791229221403888308
-0.05764693021774292, 0.4835106134414673, 0.5010966136842551, 1791229221433606581
0.07894778251647949, 0.09451925754547119, 0.48283666276377557, 1791229221464621656
0.022882401943206787, -0.18904191255569458, 0.4846051644820332, 1791229221495972707
0.21715891361236572, 0.2667115330696106, 0.5384652695357818, 1791229221523807623
-0.21593862771987915, 0.10923194885253906, 0.48793502537171185, 1791229221553755950
-0.18363410234451294, -0.09133005142211914, 0.49921162216423404, 1791229221583821352
-0.08622366189956665, 0.29654788970947266, 0.5238755276145824, 1791229221613892185
0.45938175916671753, 0.06972777843475342, 0.52640138075187, 1791229221643957375
-0.25330764055252075, -0.0678756833076477, 0.5040985726320172, 1791229221673974151
-0.19011127948760986, 0.10272079706192017, 0.49670435941384783, 1791229221704108260
0.22308504581451416, 0.1766343116760254, 0.4741498584674279, 1791229221735940771
-0.0294836163520813, 0.02454698085784912, 0.5302581448023184, 1791229221764217691
0.18962186574935913, -0.016906380653381348, 0.5087216772674874, 1791229221794254843
0.6309972405433655, 0.27561700344085693, 0.48736533040612673, 1791229221824265542
-0.15876775979995728, 0.131669282913208, 0.43446237753843064, 1791229221846361181
-0.17733168601989746, 0.14974302053451538, 0.5213806441969572, 1791229221884376479
-0.28905850648880005, 0.27026885747909546, 0.510671693058584, 1791229221914394591
0.38508474826812744, -0.15776991844177246, 0.5128741368794905, 1791229221944446957
0.2461918592453003, 0.13844233751296997, 0.4698560065072339, 1791229221976357048
0.1745239496231079, 0.426937460899353, 0.47597531363923723, 1791229222007028987
-0.31332576274871826, -0.14473485946655273, 0.5365831615018225, 1791229222044612014
0.4981966018676758, 0.07902836799621582, 0.5081187103995121, 1791229222074638790
-0.15067750215530396, 0.34716635942459106, 0.5010475250224474, 1791229222104743236
-0.05666518211364746, -0.2545902132987976, 0.49812154664961417, 1791229222136176958
0.13340777158737183, 0.32017195224761963, 0.4558865390334892, 1791229222168399691
-0.023326098918914795, 0.26725590229034424, 0.526523664651249, 1791229222195466623
-0.253875732421875, -0.2255377173423767, 0.4899539422278802, 1791229222225498321
0.0712277889251709, 0.2100541591644287, 0.49752200537150415, 1791229222255483002
-0.2098866105079651, 0.39001142978668213, 0.4981838650257259, 1791229222285722270
0.26926249265670776, -0.2501608729362488, 0.4972403614427853, 1791229222315528725
0.37690412998199463, 0.14628171920776367, 0.47101311288898934, 1791229222345583564
-0.06331384181976318, 0.2770310044288635, 0.4784575443919025, 1791229222375963386
-0.47444748878479004, -0.09727215766906738, 0.4632924995378986, 1791229222408318245
0.25757038593292236, 0.2857733368873596, 0.5377826773817079, 1791229222435570482
-0.20778417587280273, 0.15097445249557495, 0.4914615824316447, 1791229222465632184
0.4649465084075928, -0.28975528478622437, 0.5087734285418797, 1791229222495635332
0.0433843731880188, 0.4578683376312256, 0.510417720970991, 1791229222525679277
0.10733073949813843, 0.0839185118675232, 0.5076827280772271, 1791229222555694473
-0.1003260612487793, -0.12956804037094116, 0.5176314573803766, 1791229222585010591
-0.024539589881896973, 0.2732905149459839, 0.49270217202239913, 1791229222615925442
-0.5381581783294678, 0.07396745681762695, 0.47879515470093587, 1791229222648108975
0.03134506940841675, 0.17369675636291504, 0.5464007516583105, 1791229222675780847
-0.008851945400238037, 0.05908536911010742, 0.5006744187299657, 1791229222705935923
0.13526678085327148, 0.12065505981445312, 0.5080425527673404, 1791229222735844472
0.1823330521583557, 0.22217261791229248, 0.50346626528333, 1791229222765967349
-0.20783907175064087, 0.1980171799659729, 0.49438728208200367, 1791229222795907109
-0.06286084651947021, -0.22509407997131348, 0.47989191908165796, 1791229222826246131
-0.21075665950775146, 0.18978452682495117, 0.48804539340171066, 1791229222856681021
0.23640227317810059, 0.1858375072479248, 0.48795341660602926, 1791229222888094635
-0.32499194145202637, -0.08270537853240967, 0.5513307145022571, 1791229222916202023
-0.277116060256958, 0.27069711685180664, 0.5069188939517373, 1791229222946075476
0.25820183753967285, 0.01829993724822998, 0.49237965381325216, 1791229222976157884
0.0650712251663208, 0.06588035821914673, 0.5012241665965735, 1791229223006138622
-0.01922827959060669, 0.18188029527664185, 0.5054162417437786, 1791229223036246344
0.126170814037323, 0.04528164863586426, 0.5008263618315416, 1791229223066501657
-0.12434113025665283, 0.22981393337249756, 0.49446965852601543, 1791229223096403344
-0.10546940565109253, -0.037810683250427246, 0.4724295419538757, 1791229223128276481
0.4739114046096802, -0.17245757579803467, 0.4956385562726951, 1791229223159268628
0.029268205165863037, 0.554375946521759, 0.5471776939399909, 1791229223186531859
-0.5126779675483704, -0.09197348356246948, 0.48705112133513323, 1791229223216553421
0.5076282024383545, -0.21421360969543457, 0.47916496272809467, 1791229223246589227
-0.3339005708694458, 0.5778789520263672, 0.48325659874025645, 1791229223276654667
-0.06626129150390625, -0.0013304948806762695, 0.5005490690929405, 1791229223306657854
-0.12455320358276367, -0.18205350637435913, 0.5096745042923471, 1791229223336735068
0.557181179523468, 0.34993892908096313, 0.46881303187213064, 1791229223368537495
-0.3776835799217224, 0.0010030865669250488, 0.47094888447180294, 1791229223400067667
0.08659297227859497, 0.0407525897026062, 0.5657537617045911, 1791229223426917529
0.298642635345459, 0.22776687145233154, 0.5005431356707757, 1791229223456913925
-0.12179243564605713, 0.028734266757965088, 0.5035353713072774, 1791229223486910565
-0.022968590259552002, 0.22800004482269287, 0.5126220917353207, 1791229223516004566
-0.020001709461212158, -0.033931732177734375, 0.5039078968828543, 1791229223546016497
0.48069125413894653, -0.099376380443573, 0.4930781355795643, 1791229223577130442
-0.6519812345504761, 0.5326703786849976, 0.4725869827736639, 1791229223609142735
0.3750244379043579, 0.05836784839630127, 0.4703962039043022, 1791229223640219658
-0.3132286071777344, -0.20873123407363892, 0.5607446149660527, 1791229223667295205
0.34395039081573486, 0.2856431007385254, 0.5055837500226891, 1791229223697335772
-0.24661540985107422, 0.252690851688385, 0.5064422643466929, 1791229223727332958
0.061533987522125244, 0.08081662654876709, 0.5079808088765133, 1791229223757436496
-0.3669130802154541, -0.12230193614959717, 0.4884156324650651, 1791229223787457523
0.09480595588684082, 0.13220161199569702, 0.4965863702773342, 1791229223817523652
0.708567202091217, 0.5847525000572205, 0.4812034243375247, 1791229223848302597
-0.05847454071044922, -0.29653751850128174, 0.46806460521521476, 1791229223880141633
-0.16580241918563843, 0.20339542627334595, 0.558165384847487, 1791229223907640679
-0.07507777214050293, 0.28863364458084106, 0.5111844189010872, 1791229223937754269
0.31314903497695923, -0.16102761030197144, 0.4871829784980381, 1791229223967719014
-0.30920320749282837, 0.16641861200332642, 0.4827757176849684, 1791229223997820590
0.36794763803482056, 0.16080665588378906, 0.5015406634636618, 1791229224027840107
-0.1839706301689148, 0.09674882888793945, 0.5058065259825607, 1791229224057916010
-0.09015166759490967, 0.03204071521759033, 0.5072230884041155, 1791229224088291720
-0.06081843376159668, 0.15922856330871582, 0.451201813832055, 1791229224120583640
-0.05934029817581177, 0.2380046248435974, 0.4986656456698847, 1791229224150205494
-0.09196269512176514, 0.039501190185546875, 0.5369451348694554, 1791229224178100000
0.24723583459854126, -0.015789449214935303, 0.5011554633681116, 1791229224208124338
0.29403871297836304, 0.34772396087646484, 0.4985870582606139, 1791229224238259661
-0.13165390491485596, -0.06557989120483398, 0.489391715308763, 1791229224268310579
-0.10985273122787476, 0.29933857917785645, 0.48359044364859594, 1791229224298746781
0.022695481777191162, -0.2916490435600281, 0.507723641607552, 1791229224328401213
0.034715354442596436, 0.25344711542129517, 0.469479205075451, 1791229224360147361
0.07944560050964355, 0.4071928858757019, 0.4843474307959338, 1791229224390607097
0.11910355091094971, -0.052847862243652344, 0.5427227719207536, 1791229224418526156
-0.2958555221557617, -0.022292494773864746, 0.5045928494504488, 1791229224448524771
0.3340441584587097, 0.11731904745101929, 0.5206025303156785, 1791229224478547599
0.13016408681869507, 0.3074139952659607, 0.5134379127598678, 1791229224508589123
0.14597761631011963, 0.15404903888702393, 0.4831992669406599, 1791229224538815031
-0.22203105688095093, -0.3371286988258362, 0.5115036664450672, 1791229224568752227
0.07722455263137817, 0.5273751616477966, 0.480286270353544, 1791229224600446556
0.42489367723464966, 0.24117916822433472, 0.4694517950340815, 1791229224632461211
-0.09950417280197144, -0.17256414890289307, 0.5740839626932096, 1791229224658941734
-0.3071886897087097, 0.10229098796844482, 0.495438944406188, 1791229224688927817
0.3456993103027344, 0.12338697910308838, 0.520067681402612, 1791229224718050583
-0.09728783369064331, 0.3576626777648926, 0.49613788128928044, 1791229224748068649
-0.12100338935852051, -0.014653503894805908, 0.47723568109364384, 1791229224779162894
-0.11028367280960083, 0.14834356307983398, 0.484795509822139, 1791229224809207116
-0.018461763858795166, -0.2152004837989807, 0.4586745532040459, 1791229224840516448
-0.48316067457199097, 0.19211167097091675, 0.4802295927998308, 1791229224872339261
0.26562970876693726, 0.4060881733894348, 0.5788804129202593, 1791229224899312157
-0.07842236757278442, -0.18633496761322021, 0.4988400607636408, 1791229224929306470
0.03575235605239868, 0.1647251844406128, 0.48619454872071916, 1791229224959357399
-0.47633063793182373, 0.06721073389053345, 0.509707496191462, 1791229224988543205
-0.14071804285049438, 0.14762002229690552, 0.4997890131813584, 1791229225019466321
0.09920281171798706, 0.3141701817512512, 0.5023342541410343, 1791229225049540464
0.2312667965888977, 0.014574646949768066, 0.46224790263603877, 1791229225080641168
-0.19983983039855957, 0.0250699520111084, 0.46773465755632776, 1791229225112095429
-0.13251620531082153, 0.07961529493331909, 0.5408434132466119, 1791229225139733342
-0.0012617707252502441, 0.28665685653686523, 0.5011128571275794, 1791229225169766771
-0.03727811574935913, -0.05654376745223999, 0.48758050655301743, 1791229225199811088
-0.1305369734764099, -0.03641551733016968, 0.5007934991677253, 1791229225229804719
0.09112721681594849, 0.5925814509391785, 0.489054426129475, 1791229225259877724
-0.07644879817962646, -0.20665496587753296, 0.5017780442174937, 1791229225289894326
0.3759908676147461, 0.02569669485092163, 0.506844727964673, 1791229225320309056
-0.03637802600860596, 0.21947777271270752, 0.47001969923955084, 1791229225352296044
-0.20914536714553833, -0.05152237415313721, 0.5464925821102448, 1791229225380063593
-0.11138904094696045, 0.34071654081344604, 0.4947661087667131, 1791229225410811970
0.2955552339553833, -0.06080228090286255, 0.5246720294534769, 1791229225440712533
-0.12632781267166138, 0.30275046825408936, 0.506323407171646, 1791229225470682745
0.10048997402191162, -0.08760255575180054, 0.49670137097940803, 1791229225500779340
0.013118505477905273, 0.10658043622970581, 0.5015468607693727, 1791229225530711468
-0.30424022674560547, 0.23756098747253418, 0.48559055308802496, 1791229225560800978
-0.00909888744354248, -0.10239154100418091, 0.47704364780220687, 1791229225592620240
-0.042999863624572754, 0.5265385508537292, 0.486326486105823, 1791229225623321862
0.42472922801971436, 0.02279829978942871, 0.5207541246414568, 1791229225651072941
-0.13652002811431885, 0.057150423526763916, 0.49322562250361623, 1791229225680849172
0.23632466793060303, -0.025541722774505615, 0.49915482999295596, 1791229225710914571
-0.25106149911880493, 0.012982308864593506, 0.49026900380523153, 1791229225741163734
0.27460455894470215, 0.21531778573989868, 0.4764976074548081, 1791229225771092116
-0.06089729070663452, -0.05526900291442871, 0.4916632974113895, 1791229225801111838
-0.4366200566291809, 0.25383448600769043, 0.47167564713920823, 1791229225832652270
0.3827524185180664, 0.22766947746276855, 0.4855805288123441, 1791229225863902418
-0.3471723198890686, 0.1320468783378601, 0.5743581637531789, 1791229225891181880
0.24119216203689575, -0.1906546950340271, 0.5216971298430352, 1791229225921069082
-0.11814242601394653, 0.4664723873138428, 0.5232158917874284, 1791229225950018518
0.1604081392288208, -0.007817506790161133, 0.484565403044985, 1791229225981077916
-0.3175625205039978, 0.09369486570358276, 0.4919863983022542, 1791229226011093635
-0.29662758111953735, -0.08171916007995605, 0.5104487779389374, 1791229226041124139
0.24662363529205322, 0.3251493573188782, 0.47690382421319866, 1791229226072126869
-0.20532304048538208, 0.13395267724990845, 0.46781955247956986, 1791229226104578049
0.44335389137268066, -0.05649304389953613, 0.5785419494571011, 1791229226131321503
-0.019443809986114502, 0.0634084939956665, 0.49488852386141324, 1791229226161357106
-0.18038666248321533, 0.10150766372680664, 0.49565779908972174, 1791229226191384202
-0.02444690465927124, 0.3518221378326416, 0.5129415267710975, 1791229226220418637
-0.07484322786331177, -0.08973413705825806, 0.4981785114828099, 1791229226251481555
0.08203619718551636, 0.014616668224334717, 0.5155972194968793, 1791229226281499777
0.05702704191207886, 0.038320839405059814, 0.5072397584717858, 1791229226312632585
0.04112440347671509, 0.17584985494613647, 0.47468372970910033, 1791229226344303690
-0.06037759780883789, 0.10925716161727905, 0.5434788710623134, 1791229226371701844
0.21929508447647095, -0.07157349586486816, 0.5119033647261875, 1791229226401707381
-0.154424786567688, 0.5694684386253357, 0.47786097449852155, 1791229226431770672
-0.10404211282730103, -0.2961645722389221, 0.48320082047560353, 1791229226461804766
0.21783727407455444, 0.20320069789886475, 0.4918283149380661, 1791229226491880773
0.0443120002746582, 0.22676587104797363, 0.4855200922108906, 1791229226521930982
-0.10260987281799316, 0.23133397102355957, 0.48142088380274006, 1791229226552579873
0.06630820035934448, -0.17288142442703247, 0.45323862670866655, 1791229226584125042
0.08265888690948486, -0.021491587162017822, 0.4916060847999882, 1791229226614281068
0.07676541805267334, 0.11824584007263184, 0.5323872501446034, 1791229226652120057
0.2509385943412781, 0.09989970922470093, 0.504004816663494, 1791229226682233874
-0.5392893552780151, -0.007215023040771484, 0.48433026617325625, 1791229226712667863
-0.040694355964660645, 0.21842211484909058, 0.4804795802891295, 1791229226744559814
0.2188686728477478, 0.22280842065811157, 0.5225883092536053, 1791229226774356448
-0.3250175714492798, 0.09795492887496948, 0.5413814285445341, 1791229226812364104
0.49244195222854614, -0.1359599232673645, 0.49624012795248945, 1791229226842393071
-0.16095316410064697, 0.09145963191986084, 0.5110729911826788, 1791229226871627330
-0.24427276849746704, 0.5553693771362305, 0.45820402527536175, 1791229226904139674
-0.07916313409805298, 0.039478957653045654, 0.4699469173608016, 1791229226935732402
-0.11639249324798584, 0.011830031871795654, 0.5446202365255209, 1791229226962647729
-0.21058368682861328, -0.07029342651367188, 0.49790946581209095, 1791229226992724606
-0.09292888641357422, 0.3638749122619629, 0.5108789651926359, 1791229227022746091
-0.004575788974761963, 0.16284382343292236, 0.50642484257056, 1791229227052816459
0.004558682441711426, 0.07524365186691284, 0.5008381804076099, 1791229227082837903
0.46079808473587036, -0.005813121795654297, 0.511315855461616, 1791229227112929117
-0.008798182010650635, 0.38649821281433105, 0.48419850010965204, 1791229227144184611
0.08599293231964111, -0.1759796142578125, 0.4683383738266272, 1791229227176505713
-0.40405064821243286, 0.29170626401901245, 0.5482978016109143, 1791229227203308530
0.240960955619812, -0.1461557149887085, 0.5024061181139533, 1791229227233188446
-0.2931232452392578, 0.38553547859191895, 0.4863649200975057, 1791229227263140125
0.37539511919021606, 0.1552366018295288, 0.4866929306757906, 1791229227293156104
-0.40749961137771606, 0.3002646565437317, 0.47754535256360003, 1791229227323454328
0.09394526481628418, -0.3208256959915161, 0.48663099620035816, 1791229227353292883
-0.3087056279182434, 0.3178102374076843, 0.47861766537668776, 1791229227384745739
0.5593104362487793, 0.05479741096496582, 0.4756616106534653, 1791229227416345051
0.1389051079750061, -0.0710095763206482, 0.5573566418397389, 1791229227443426267
-0.15828251838684082, 0.15782558917999268, 0.49214003490149216, 1791229227473495850
-0.01614004373550415, 0.3351937532424927, 0.5122636913128237, 1791229227502508479
-0.020077109336853027, 0.02811366319656372, 0.47860211985565876, 1791229227533569759
0.40702420473098755, -0.02591770887374878, 0.5201750973825302, 1791229227563597978
-0.42135822772979736, 0.3037005662918091, 0.5318697328080582, 1791229227593665296
0.052917420864105225, 0.029321908950805664, 0.5060240012389574, 1791229227624521104
-0.6388530135154724, 0.08102422952651978, 0.4650658139010343, 1791229227656331374
0.6530987024307251, 0.1288883090019226, 0.5427011983851507, 1791229227683866434
-0.5682050585746765, 0.23222601413726807, 0.48016629825690266, 1791229227713866395
0.01815629005432129, -0.10364657640457153, 0.4779012747127959, 1791229227743879285
0.14735525846481323, 0.44627249240875244, 0.5131960619200358, 1791229227772985727
0.29830753803253174, 0.1259312629699707, 0.48519349785834626, 1791229227804056291
-0.06259411573410034, 0.07723003625869751, 0.49704065325954877, 1791229227834061303
-0.08795243501663208, 0.0035877227783203125, 0.4977083876859015, 1791229227864197647
0.23098528385162354, 0.38094639778137207, 0.4657023890697241, 1791229227896894505
-0.18227189779281616, -0.1917235255241394, 0.5648084328329662, 1791229227924194826
0.12984585762023926, 0.5382702350616455, 0.505871956977432, 1791229227954252941
-0.14133888483047485, -0.2623029947280884, 0.5011430914309556, 1791229227984270700
-0.32330697774887085, 0.12855583429336548, 0.5075343732404188, 1791229228014379094
-0.9589468240737915, 0.23406028747558594, 0.4676694649455181, 1791229228044370547
-0.755078136920929, -0.042918264865875244, 0.37812237632954654, 1791229228074472498
0.167411208152771, -0.27760130167007446, 0.35352748080729024, 1791229228104670141
1.2240567207336426, 0.3502216339111328, 0.3681161153435541, 1791229228135238458
0.8833215832710266, 0.5136932134628296, 0.4138066961239201, 1791229228167224284
0.6083214282989502, -0.40639907121658325, 0.5560556715287138, 1791229228194657868
0.22881168127059937, 0.23864740133285522, 0.511667749907495, 1791229228224703367
-0.06288576126098633, 0.34988075494766235, 0.5124126514248715, 1791229228254725492
-0.958122193813324, 0.17843234539031982, 0.5274638043863306, 1791229228284806747
0.7156125903129578, 0.20050358772277832, 0.5108807785200427, 1791229228315117838
-0.7148657441139221, 0.10287350416183472, 0.4835865073201112, 1791229228344901610
0.9480339288711548, -0.22410106658935547, 0.47254132240408503, 1791229228376253856
-0.045402586460113525, 0.5006057024002075, 0.46482872964721444, 1791229228407912156
-0.11355149745941162, 0.20782434940338135, 0.5438289773707573, 1791229228435082493
-0.4408438801765442, 0.06940007209777832, 0.502795539409535, 1791229228465105943
0.261746883392334, -0.04201406240463257, 0.5159129402577, 1791229228495117581
0.32685041427612305, 0.1694433093070984, 0.5024265105524061, 1791229228525167111
0.051081061363220215, 0.0075296759605407715, 0.5048621256150239, 1791229228555200909
-0.12038707733154297, 0.35565638542175293, 0.48334600748992246, 1791229228585318941
0.09620261192321777, -0.07035374641418457, 0.48069822065979323, 1791229228616279159
-0.1722082495689392, 0.2182132601737976, 0.48003617492561007, 1791229228648908260
0.45305484533309937, 0.16184842586517334, 0.5967686694943113, 1791229228676059661
-0.2011256217956543, 0.36064398288726807, 0.5116167603450876, 1791229228705005580
0.26363521814346313, 0.01006990671157837, 0.47610020206675535, 1791229228736031169
-0.3971511125564575, 0.05384337902069092, 0.5059540220827015, 1791229228765949338
-0.28638988733291626, 0.15338701009750366, 0.5466939782987654, 1791229228794980180
-0.017393410205841064, -0.0860031247138977, 0.5082435088835906, 1791229228825969831
-0.038709819316864014, 0.3180301785469055, 0.4543984275993552, 1791229228856935514
0.1328914761543274, -0.15055900812149048, 0.46687043383450405, 1791229228888588942
-0.2852916121482849, 0.32855767011642456, 0.5577205359244437, 1791229228916204642
0.1616448163986206, 0.17222648859024048, 0.5098409278446975, 1791229228946030195
0.0010854005813598633, 0.12227582931518555, 0.4870160047250186, 1791229228976089743
0.10206258296966553, 0.013662934303283691, 0.48688435052480294, 1791229229006111565
-0.1171608567237854, 0.3260810375213623, 0.4858306800941703, 1791229229036190288
0.22885441780090332, -0.2457963228225708, 0.4880132534164652, 1791229229066149654
-0.10972696542739868, 0.25699037313461304, 0.4736973089049586, 1791229229096291696
0.47509872913360596, -0.04411351680755615, 0.4708530711410247, 1791229229128426174
-0.10663610696792603, 0.6608459949493408, 0.5428721271302954, 1791229229156263653
0.37159037590026855, 0.014960646629333496, 0.49697046243406895, 1791229229186252911
-0.24450206756591797, 0.06572169065475464, 0.4968255176267278, 1791229229216325840
0.18525230884552002, -0.1983993649482727, 0.5120037523184382, 1791229229246341610
-0.43488144874572754, 0.21056276559829712, 0.5184341688619296, 1791229229276392559
0.4644761085510254, 0.19615131616592407, 0.5161121997797984, 1791229229306431230
-0.06388038396835327, 0.2078995704650879, 0.48453680050055536, 1791229229336488670
0.24531596899032593, -0.1561756134033203, 0.45043743799796304, 1791229229368843090
-0.3676741123199463, 0.21939337253570557, 0.5499392130783941, 1791229229396657605
-0.216549813747406, 0.2727063298225403, 0.5116607136615866, 1791229229426711901
0.3044477701187134, -0.08943897485733032, 0.47440662606321754, 1791229229456708112
-0.3513956665992737, 0.26376456022262573, 0.4826847488896559, 1791229229486782456
0.2002834677696228, 0.06667160987854004, 0.5008106361842597, 1791229229516833096
-0.14791470766067505, 0.11740118265151978, 0.5066408882843151, 1791229229546869496
0.0759848952293396, 0.09545588493347168, 0.4852568960997103, 1791229229576905415
-0.2836461663246155, 0.1579378843307495, 0.4693483007197616, 1791229229608458115
0.2184569239616394, -0.09067767858505249, 0.48134703065261764, 1791229229640664704
-0.041795313358306885, 0.43328624963760376, 0.572470874583856, 1791229229667197381
0.05774104595184326, -0.04685866832733154, 0.48652939899404696, 1791229229697083491
-0.4056375026702881, 0.13020169734954834, 0.4923699187253979, 1791229229727133852
0.08970028162002563, 0.21840494871139526, 0.5058735815345128, 1791229229757180099
-0.19528919458389282, -0.04282069206237793, 0.4849291114265534, 1791229229787221834
-0.132918119430542, -0.09463238716125488, 0.48956657132696496, 1791229229817260828
0.20281732082366943, 0.11048483848571777, 0.4935217016724938, 1791229229848407539
-0.5634146332740784, 0.5773049592971802, 0.46027988918127527, 1791229229880738794
0.4812381863594055, 0.14747542142868042, 0.5741015689535003, 1791229229907504505
-0.4644396901130676, -0.09504306316375732, 0.5406449889384404, 1791229229937477384
0.32988178730010986, 0.1421096920967102, 0.5242863913254107, 1791229229967564737
-0.2185329794883728, 0.21518397331237793, 0.4958895109862829, 1791229229997608618
0.25737470388412476, -0.07254749536514282, 0.49706957245398414, 1791229230027645915
-0.5868895649909973, 0.049180686473846436, 0.49479583367731433, 1791229230057702082
-0.1727679967880249, 0.1375839114189148, 0.48091660233646777, 1791229230088734019
-0.31907904148101807, 0.049168169498443604, 0.46695030316287184, 1791229230120447005
0.03711050748825073, 0.23893111944198608, 0.539442080763864, 1791229230147965789
-0.8694521188735962, -0.11432886123657227, 0.49322640629755893, 1791229230177905155
0.33871686458587646, 0.1198013424873352, 0.49995797171065937, 1791229230207926267
-0.20371675491333008, 0.13559883832931519, 0.5056544432982397, 1791229230236980563
0.36705124378204346, 0.4123159646987915, 0.46062386432525404, 1791229230268024538
-0.2830759882926941, -0.2471422553062439, 0.46853750392776655, 1791229230298145341
-0.755805492401123, 0.01960521936416626, 0.4842765760234871, 1791229230328851318
0.3586346507072449, 0.39908015727996826, 0.49926546661482984, 1791229230360475889
-0.051190197467803955, 0.07830542325973511, 0.5485545649609386, 1791229230388303615
0.10638976097106934, 0.14306491613388062, 0.48945216369720707, 1791229230418308713
-0.4445865750312805, -0.03663134574890137, 0.5072802422578202, 1791229230448329012
-0.5157053470611572, 0.17558497190475464, 0.5053142249952638, 1791229230478396994
0.3784889578819275, -0.050868093967437744, 0.49763782646922333, 1791229230508434990
-0.1108585000038147, -0.10575950145721436, 0.4862513673490429, 1791229230538463626
0.23445582389831543, 0.3850598931312561, 0.509693432372614, 1791229230568525288
-0.1797204613685608, 0.07562637329101562, 0.48155349646137235, 1791229230600618340
-0.4108465909957886, 0.288612425327301, 0.49491820537855474, 1791229230631089341
0.5865687727928162, 0.22098952531814575, 0.5742669315493064, 1791229230657739548
-0.10143119096755981, 0.1902400255203247, 0.5151005240699447, 1791229230687697704
0.24501752853393555, 0.012477278709411621, 0.4379437561075744, 1791229230711506993
-0.2329060435295105, 0.2838384509086609, 0.5612855757668348, 1791229230738788276
-0.5861774682998657, 0.13617271184921265, 0.5002161308487698, 1791229230768841131
-0.44850850105285645, 0.3844459056854248, 0.5111150489584226, 1791229230798840083
0.021198153495788574, 0.18665409088134766, 0.512545184217654, 1791229230828943308
0.09731662273406982, -0.281554639339447, 0.4914417009549719, 1791229230858968135
0.1620161533355713, 0.09099864959716797, 0.48458503130770625, 1791229230889196000
-0.648963451385498, 0.34768784046173096, 0.45577415779468594, 1791229230920712713
-0.05006551742553711, 0.13879209756851196, 0.4529421050586298, 1791229230952423320
-0.04314965009689331, -0.06159186363220215, 0.5317983106409662, 1791229230979218123
0.23708122968673706, 0.35642874240875244, 0.5241954663851729, 1791229231009350009
-0.08700805902481079, 0.2734614610671997, 0.5364267262761382, 1791229231039319952
-0.6391544938087463, -0.07271844148635864, 0.5010097325346621, 1791229231069345558
0.18204736709594727, 0.02303636074066162, 0.5012812097529463, 1791229231099421499
-0.3186990022659302, 0.12660330533981323, 0.5039338359148436, 1791229231129495168
0.30567556619644165, 0.009247303009033203, 0.4878331452958865, 1791229231160016865
-0.6716180443763733, 0.06001561880111694, 0.4514926794574184, 1791229231192387021
-0.18567150831222534, 0.06963825225830078, 0.5369003176772389, 1791229231219624008
0.3720662593841553, 0.3405229449272156, 0.48053991655288775, 1791229231249621492
0.25922852754592896, 0.31689363718032837, 0.4789112132480129, 1791229231279633477
0.27104657888412476, 0.014112770557403564, 0.48513021034272596, 1791229231309771585
-0.13349080085754395, 0.10466283559799194, 0.5014588189931897, 1791229231339742116
0.2864866256713867, 0.0566176176071167, 0.5015442661944378, 1791229231369840635
0.6655012369155884, -0.09146648645401001, 0.4880075891610196, 1791229231400519164
-0.49476802349090576, 0.3023681640625, 0.4595201696515006, 1791229231432771865
0.3608373999595642, -0.027497589588165283, 0.5587408721832163, 1791229231460089555
-0.019878268241882324, 0.18559205532073975, 0.5109338516178663, 1791229231490064841
0.5913704633712769, 0.32975029945373535, 0.5021893282759394, 1791229231520193735
-0.3365201950073242, -0.008465826511383057, 0.49367124124408834, 1791229231550276152
0.4571459889411926, 0.12078231573104858, 0.46898862187919926, 1791229231580966261
-0.44523340463638306, -0.04729384183883667, 0.49900659934651237, 1791229231610001189
-0.5751822590827942, 0.0949963927268982, 0.45216774700774237, 1791229231640966718
0.8142340779304504, 0.2593367099761963, 0.4714016450274453, 1791229231673144747
1.9556896686553955, 0.2516346573829651, 0.49534806101826184, 1791229231730971324
-0.19052332639694214, -0.07869678735733032, 0.5103146611167845, 1791229231761038590
-0.2591053247451782, -0.02624952793121338, 0.5253094196921756, 1791229231791033323
0.24684995412826538, 0.47457408905029297, 0.4960484151826444, 1791229231821055868
0.16147834062576294, -0.01813638210296631, 0.48941943110298586, 1791229231851078354
0.19251257181167603, 0.18859851360321045, 0.5100237668480739, 1791229231881144914
-0.008338868618011475, 0.4191165566444397, 0.5057612576149669, 1791229231912524934
0.5401753187179565, 0.17210453748703003, 0.4986158437990148, 1791229231943595918
-0.008900463581085205, 0.3619632124900818, 0.5280180527251358, 1791229231971149165
-0.9103254079818726, -0.14600598812103271, 0.4909876602901618, 1791229232001153961
0.4981631636619568, 0.194036602973938, 0.5062354422993119, 1791229232031135483
0.21030235290527344, 0.0710526704788208, 0.5049764558482528, 1791229232061204992
0.3684423565864563, -0.2491360306739807, 0.48800962572572854, 1791229232091259089
-0.45659148693084717, 0.20333153009414673, 0.4822147824692566, 1791229232121245001
0.05769091844558716, 0.07005047798156738, 0.5029791917028709, 1791229232152382021
-0.0618249773979187, 0.33392828702926636, 0.49095547309268006, 1791229232183995816
-0.884897768497467, -0.08727872371673584, 0.5524490068102266, 1791229232211523195
0.2994112968444824, 0.14887094497680664, 0.4969360689926275, 1791229232241386876
-0.19477081298828125, -0.049179255962371826, 0.5016676406180293, 1791229232271335059
0.4629102945327759, 0.09416037797927856, 0.48284511638116806, 1791229232301347531
-0.162472665309906, 0.5626946687698364, 0.46771067572699176, 1791229232331375969
0.18443268537521362, -0.2373906373977661, 0.4769951467857279, 1791229232361456278
0.3328026533126831, 0.2081834077835083, 0.4911669332711218, 1791229232392379494
-0.4721144437789917, 0.09061402082443237, 0.47307386860287975, 1791229232424444343
0.19871044158935547, -0.30238640308380127, 0.5461441130298802, 1791229232451624266
0.16137802600860596, 0.5967410802841187, 0.4893887234022454, 1791229232481638957
-0.08584165573120117, -0.08194857835769653, 0.4958660429345456, 1791229232511926287
-0.42951738834381104, 0.05913513898849487, 0.5284524296102144, 1791229232541715015
-0.07058411836624146, 0.7479678988456726, 0.557328373289918, 1791229232570021238
0.5066648721694946, 0.07913744449615479, 0.47668452404850764, 1791229232601845671
-0.8211997151374817, 0.1747797131538391, 0.4753366275648689, 1791229232632912200
0.5447197556495667, 0.3233010768890381, 0.4793312874166661, 1791229232664665258
-0.07766902446746826, 0.12158691883087158, 0.5709106525091351, 1791229232691002445
-0.29800188541412354, 0.16317027807235718, 0.4828104171909561, 1791229232721034180
0.4388962388038635, -0.021339714527130127, 0.49451490951476756, 1791229232752042812
0.5011874437332153, -0.01613062620162964, 0.537376430916189, 1791229232782117705
-0.24460643529891968, 0.28322261571884155, 0.5145358073998227, 1791229232812155492
-0.31224119663238525, -0.18727922439575195, 0.4935704848007603, 1791229232842255979
0.24722802639007568, 0.2991546392440796, 0.5090359003355975, 1791229232872471273
-0.10799646377563477, -0.0021088123321533203, 0.4861780438056565, 1791229232904480720
0.25993579626083374, 0.24006980657577515, 0.5353787245801336, 1791229232932414391
-0.02567160129547119, 0.19022232294082642, 0.4644428250965962, 1791229232962492801
-0.06928318738937378, 0.085238516330719, 0.5122027122473561, 1791229232992541252
0.014772295951843262, 0.346862256526947, 0.4950598806616026, 1791229233014667193
0.022218286991119385, 0.08862906694412231, 0.5390107058918963, 1791229233052679276
-0.4053165912628174, 0.1597815752029419, 0.4787575662666587, 1791229233082627493
-0.05388551950454712, 0.2842409610748291, 0.495588842053925, 1791229233112863174
0.2668968439102173, 0.46694642305374146, 0.4507458395448223, 1791229233144872641
-0.3154100775718689, 0.002664923667907715, 0.4841428203620217, 1791229233175298915
0.20101988315582275, 0.3958287835121155, 0.5486431856104763, 1791229233202781758
0.19351249933242798, 0.2881172299385071, 0.5067893424056097, 1791229233232859148
-0.18837237358093262, 0.15516871213912964, 0.43936287418667735, 1791229233255712952
0.251798152923584, -0.16258949041366577, 0.554364886567941, 1791229233283077443
-0.2875975966453552, -0.1011660099029541, 0.5262725310556914, 1791229233311980940
1.0208457708358765, 0.196347177028656, 0.4970618926640353, 1791229233343385036
-0.5329138040542603, -0.002596437931060791, 0.5094114478932031, 1791229233373234411
-0.006357967853546143, -0.15229260921478271, 0.5019500541785482, 1791229233403178155
-0.10286515951156616, 0.40605342388153076, 0.4991177841456295, 1791229233433412285
0.003649294376373291, 0.18539899587631226, 0.4734220768715817, 1791229233464872545
-0.13407117128372192, -0.09543710947036743, 0.470322813237414, 1791229233496839118
-0.02237492799758911, 0.24190294742584229, 0.5594100193395107, 1791229233523757188
0.1198800802230835, 0.07948875427246094, 0.497856043057708, 1791229233553393720
-0.5596923828125, 0.35155951976776123, 0.4099643636634157, 1791229233576552778
0.7081765532493591, 0.3326454758644104, 0.5486839720247948, 1791229233613453301
-0.5740464925765991, 0.14197421073913574, 0.5215083737262511, 1791229233643492931
0.46254050731658936, -0.07893955707550049, 0.5030760876499586, 1791229233673573703
-0.24222099781036377, 0.1820583939552307, 0.47170146938346197, 1791229233704731209
0.3481435775756836, 0.14554893970489502, 0.47641555975456473, 1791229233736488383
-0.31354665756225586, 0.1978989839553833, 0.5493518364556668, 1791229233763072733
-0.01526641845703125, 0.019587039947509766, 0.4965647169782192, 1791229233793772921
-0.010897934436798096, -0.3259909152984619, 0.522031102223337, 1791229233823807487
0.8442782163619995, 0.4123691916465759, 0.5181114961661162, 1791229233853864849
0.47697126865386963, 0.25013113021850586, 0.47971868229086767, 1791229233883954859
-0.9262406229972839, -0.39674609899520874, 0.4852529168431513, 1791229233914193966
0.47314995527267456, 0.05237549543380737, 0.5109085410660005, 1791229233944884307
-0.4926410913467407, 0.37115442752838135, 0.4943486374405652, 1791229233976929243
0.6391509175300598, -0.15770560503005981, 0.5438316549822532, 1791229234004212029
0.16019386053085327, 0.19747543334960938, 0.48388226436377413, 1791229234034134657
-0.01946437358856201, -0.044227421283721924, 0.47692267996867815, 1791229234064221505
0.42968565225601196, 0.38138675689697266, 0.476185609964922, 1791229234094234853
-0.2256462574005127, 0.008960306644439697, 0.4752924881288305, 1791229234124284779
0.02167564630508423, -0.025367021560668945, 0.503935567940243, 1791229234154343996
-0.2052532434463501, 0.4602094888687134, 0.49639007171387134, 1791229234184799358
0.4774768352508545, -0.005037903785705566, 0.43061003565265604, 1791229234216536489
-0.24483084678649902, -0.031410038471221924, 0.5131706580927465, 1791229234244551145
0.13038694858551025, 0.4920762777328491, 0.5217222602744828, 1791229234274580984
-0.08055567741394043, -0.04616779088973999, 0.5108513011188438, 1791229234304780928
0.1860303282737732, 0.18550610542297363, 0.4987760045636485, 1791229234334651284
-0.43234187364578247, 0.42008650302886963, 0.5022664599695831, 1791229234364740265
-0.6340659856796265, -0.3285154104232788, 0.5150414903368634, 1791229234394931976
-0.054638028144836426, 0.6010693311691284, 0.5182874666234575, 1791229234424962921
-0.19364172220230103, 0.4195041060447693, 0.4623275522379868, 1791229234456787407
-0.28304553031921387, -0.028326094150543213, 0.5116464788572792, 1791229234485032297
0.034833431243896484, 0.19254088401794434, 0.49842448915677634, 1791229234514932903
0.18292254209518433, 0.3753780126571655, 0.4943723193153127, 1791229234545060673
0.19643336534500122, 0.2601545453071594, 0.5095016672781819, 1791229234575047736
0.384377658367157, 0.037113189697265625, 0.5172474452312675, 1791229234605075377
0.4225119948387146, 0.058385252952575684, 0.517160759980166, 1791229234635095665
0.1611497402191162, 0.5535227060317993, 0.5069079095870737, 1791229234665236725
-0.44291597604751587, 0.14995235204696655, 0.4655345442200241, 1791229234696807894
0.022862374782562256, -0.30610132217407227, 0.4515898446152316, 1791229234728205635
-0.01849454641342163, -0.001774430274963379, 0.5374077331622791, 1791229234755357999
-0.47429025173187256, 0.5671790838241577, 0.47707785528247926, 1791229234796134373
-0.08397936820983887, -0.06645667552947998, 0.48187209465226005, 1791229234826080820
-0.032307982444763184, -0.01286005973815918, 0.5139566488056342, 1791229234856617491
-0.45384544134140015, 0.368472695350647, 0.49609890756640684, 1791229234888789078
0.6639484167098999, -0.003093421459197998, 0.557807232762974, 1791229234916189061
-0.4304225444793701, 0.21827775239944458, 0.4952813843761355, 1791229234946222402
0.010268032550811768, 0.4863589406013489, 0.498572905778651, 1791229234976255031
-0.15229690074920654, -0.10195505619049072, 0.4994269791486585, 1791229235006251016
0.5473239421844482, 0.1880326271057129, 0.5050708819406885, 1791229235036273894
0.09750884771347046, 0.46159130334854126, 0.49257795975591856, 1791229235066247037
0.05912661552429199, 0.051569223403930664, 0.48620314456760494, 1791229235096576165
-0.18008136749267578, 0.2814348340034485, 0.4418625290038876, 1791229235129425176
-0.3845479488372803, 0.16030311584472656, 0.5715115114002394, 1791229235155003661
0.013707578182220459, 0.1808631420135498, 0.4847463008264883, 1791229235186086902
0.07379436492919922, 0.28865861892700195, 0.49598573565697296, 1791229235216117342
0.21749401092529297, 0.20715880393981934, 0.4996344466061561, 1791229235246147783
-0.42232388257980347, 0.01817530393600464, 0.5154253670091424, 1791229235276188624
0.4231516718864441, 0.533833920955658, 0.5192649534266764, 1791229235306268946
-0.3703796863555908, -0.23880362510681152, 0.49498083836945805, 1791229235336579100
0.08903348445892334, 0.17662012577056885, 0.465410981985545, 1791229235368830528
-0.13874179124832153, 0.1803627610206604, 0.5291721843842053, 1791229235396492808
0.5851505398750305, 0.08523911237716675, 0.4612698256602648, 1791229235426416698
-0.43829506635665894, 0.3735038638114929, 0.47455793384203226, 1791229235456518340
0.7155556678771973, 0.2515416741371155, 0.5092616052829568, 1791229235486527556
-0.19102293252944946, -0.015101313591003418, 0.5017385097047019, 1791229235516603395
0.06935721635818481, 0.3509168028831482, 0.4988045989272924, 1791229235546671571
0.5597651600837708, 0.3482368588447571, 0.49439997783970135, 1791229235577248294
-0.3346031904220581, -0.03146028518676758, 0.46155158976006916, 1791229235608958309
-0.11050212383270264, 0.27261024713516235, 0.49942463566004547, 1791229235638949549
-0.5420524477958679, 0.4462079405784607, 0.5408375456319093, 1791229235666798948
0.0977286696434021, 0.22929489612579346, 0.502119420366329, 1791229235696859166
-0.03980511426925659, -0.007332503795623779, 0.5423932122783273, 1791229235725922031
0.32146793603897095, 0.3040516972541809, 0.49924185260098775, 1791229235755998945
0.345758855342865, 0.29586559534072876, 0.4778900469198466, 1791229235787026937
-0.33025550842285156, -0.03548532724380493, 0.4830057005591824, 1791229235817110345
-0.17074382305145264, 0.2629152536392212, 0.4654705494804783, 1791229235848821278
0.10188055038452148, 0.4215465784072876, 0.484954881297217, 1791229235880286780
0.03579103946685791, 0.44407331943511963, 0.559467033183688, 1791229235907506758
-0.23365801572799683, -0.05627787113189697, 0.4949742558577137, 1791229235937369002
0.1726219654083252, -0.017941415309906006, 0.5004718803598714, 1791229235967321950
0.025244534015655518, 0.5556482076644897, 0.4783739482606109, 1791229235997394662
0.1137467622756958, -0.2165319323539734, 0.4582935376762691, 1791229236027400372
-0.14348363876342773, 0.11038839817047119, 0.5001315169427125, 1791229236057474069
-0.25002795457839966, 0.33417338132858276, 0.47133575174917425, 1791229236089170747
-0.06434369087219238, 0.02955085039138794, 0.45682203867722104, 1791229236120970425
-0.0087357759475708, 0.059664249420166016, 0.5697394240014447, 1791229236147653460
0.14074140787124634, 0.10066008567810059, 0.5127679501250075, 1791229236177719240
0.0015990734100341797, 0.3681030869483948, 0.5155403824689496, 1791229236207689774
0.10920059680938721, -0.4300485849380493, 0.510047977234572, 1791229236237793533
-0.4258941411972046, 0.4887663722038269, 0.5120213157665335, 1791229236267796676
0.15312421321868896, 0.15418237447738647, 0.4931943277387036, 1791229236297905973
-0.18725824356079102, -0.1768132448196411, 0.4823662986530293, 1791229236328954981
-0.2930479049682617, 0.1486600637435913, 0.5097398167524951, 1791229236358981850
-0.07300776243209839, 0.28415578603744507, 0.4989366548981669, 1791229236388342257
0.08532065153121948, 0.11075848340988159, 0.4911831729358112, 1791229236418121833
-0.33153682947158813, -0.037955284118652344, 0.5096141901448744, 1791229236448116078
-0.08421671390533447, 0.18421083688735962, 0.5038864816552084, 1791229236478153131
-0.24920761585235596, 0.36494892835617065, 0.4777255513309609, 1791229236508180872
0.1321306824684143, 0.20735996961593628, 0.47704622639517624, 1791229236538270687
0.450711727142334, -0.3127705454826355, 0.5155693348457487, 1791229236568829274
-0.36941081285476685, 0.5920652151107788, 0.4798631133366648, 1791229236601164702
0.05261904001235962, 0.28429192304611206, 0.5502129302176865, 1791229236628402026
-0.038115859031677246, -0.18014240264892578, 0.49245114645015226, 1791229236658419138
0.14092713594436646, 0.359849214553833, 0.47122764144218504, 1791229236688456563
-0.14304178953170776, 0.2934004068374634, 0.48236849671951115, 1791229236718530402
0.10015285015106201, 0.462277889251709, 0.49950961475845607, 1791229236748560133
0.018962204456329346, -0.04059094190597534, 0.49058886090882425, 1791229236778658772
0.29369938373565674, 0.28306376934051514, 0.489499891498845, 1791229236809279318
0.1991349458694458, 0.13768553733825684, 0.48766837989372613, 1791229236840736492
0.9592291712760925, 0.11307734251022339, 0.5157464122856059, 1791229236870862057
-0.8642233610153198, 0.39696550369262695, 0.5515623859391185, 1791229236898090209
0.14405864477157593, 0.09086710214614868, 0.48843932950589547, 1791229236928913789
-0.2906000018119812, 0.3561723828315735, 0.45383334391729274, 1791229236951457722
-0.1543223261833191, -0.018859148025512695, 0.5698033449915444, 1791229236978118799
-0.09866029024124146, 0.1208953857421875, 0.4794355426262873, 1791229237009101942
0.056936442852020264, 0.6614635586738586, 0.49300082076950297, 1791229237039107460
0.17677491903305054, 0.1028946042060852, 0.48234696890243556, 1791229237069153233
0.04017293453216553, -0.2250005006790161, 0.4942562244894706, 1791229237099191082
0.09069168567657471, 0.5991101861000061, 0.5129134532839166, 1791229237129219310
0.5694183707237244, 0.3403971195220947, 0.48912440464528895, 1791229237160696252
0.21958935260772705, -0.28195488452911377, 0.4567477139352278, 1791229237192591711
-0.04916667938232422, 0.2871202230453491, 0.5632949139121673, 1791229237219444250
0.19918102025985718, 0.5647557377815247, 0.5040770255327872, 1791229237249409775
-0.09390109777450562, -0.2027156949043274, 0.4898439837935496, 1791229237279494090
0.03136396408081055, 0.10635453462600708, 0.5120824402415446, 1791229237309562844
-0.146412193775177, 0.028794169425964355, 0.49681752532012835, 1791229237339853972
-0.31141573190689087, 0.371529221534729, 0.4966758853543227, 1791229237369710762
-0.20690655708312988, 0.2800061106681824, 0.4947488012901634, 1791229237400852525
0.692513644695282, 0.4605305790901184, 0.46962762735119135, 1791229237433117174
-0.36068660020828247, 0.27265119552612305, 0.535659093525078, 1791229237459868557
-0.28860020637512207, 0.03879433870315552, 0.49349007781337956, 1791229237489771452
0.47881871461868286, 0.4029601812362671, 0.5104694297644289, 1791229237519875047
-0.23728913068771362, 0.15365076065063477, 0.5083672537360169, 1791229237549894980
-0.28600943088531494, -0.12786293029785156, 0.49646345919791174, 1791229237579956860
-0.19121795892715454, 0.23004525899887085, 0.5057374237942913, 1791229237610099309
0.34860092401504517, 0.6308122873306274, 0.47192918566672937, 1791229237640926913
-0.06868010759353638, -0.05060392618179321, 0.4554858952404829, 1791229237672703742
0.3313335180282593, -0.15686559677124023, 0.5498920405920711, 1791229237700289103
0.08207851648330688, 0.6255763173103333, 0.48893797731579136, 1791229237730236882
-0.0812714695930481, -0.07227319478988647, 0.472760082070352, 1791229237760277528
0.10325807332992554, -0.08612465858459473, 0.516163471472783, 1791229237790311631
-0.19992512464523315, 0.3208688497543335, 0.5142826889228511, 1791229237820497996
-0.34078407287597656, 0.2359163761138916, 0.5010615520547413, 1791229237850412077
0.2756838798522949, 0.20944559574127197, 0.47558143934846914, 1791229237881614144
0.08452683687210083, 0.24967867136001587, 0.46801892577152004, 1791229237912733107
-0.2550257444381714, 0.02839219570159912, 0.5318430860315091, 1791229237940580035
-0.009773075580596924, 0.3140583634376526, 0.48653908207281943, 1791229237971280682
0.619117021560669, 0.38121241331100464, 0.5117569245967322, 1791229238001338205
0.04899191856384277, 0.25141143798828125, 0.49760064527213793, 1791229238031287855
-0.5688768029212952, -0.11344248056411743, 0.5150835074896105, 1791229238061336932
0.4386208653450012, 0.09435230493545532, 0.540124070001372, 1791229238091345229
-0.042412400245666504, 0.6786226630210876, 0.49888306196121796, 1791229238121451917
-0.18874090909957886, -0.2939181923866272, 0.45765468804040393, 1791229238153048038
-0.06304991245269775, -0.1012265682220459, 0.5199947933363215, 1791229238183540962
0.729468822479248, 0.41662412881851196, 0.5391678421760249, 1791229238211499864
0.31738126277923584, 0.34523987770080566, 0.45745774397441735, 1791229238241439510
-0.6312172412872314, -0.21987122297286987, 0.45502525677660516, 1791229238271400805
0.04869949817657471, 0.31395673751831055, 0.47560704207690413, 1791229238301435294
0.21976757049560547, 0.12664490938186646, 0.4868516287550884, 1791229238331441703
0.004464864730834961, 0.25166720151901245, 0.5115931143751874, 1791229238361575775
0.18991947174072266, 0.38966089487075806, 0.4743414516916422, 1791229238393211281
-0.39202582836151123, 0.3725578784942627, 0.47644344145652595, 1791229238424679117
0.08472782373428345, 0.28204506635665894, 0.5585665991568344, 1791229238451646341
-0.4491243362426758, 0.0697593092918396, 0.52210730161886, 1791229238481584099
0.13960808515548706, 0.15114039182662964, 0.5022107951095044, 1791229238511967958
0.4161425828933716, 0.3541408181190491, 0.5147747399841639, 1791229238541649185
-0.0837370753288269, -0.3200901746749878, 0.4939006444449713, 1791229238571689507
-0.009018957614898682, 0.036807477474212646, 0.487389351465665, 1791229238601739659
0.14969319105148315, 0.8399751782417297, 0.49193117838238537, 1791229238632781191
0.33006083965301514, -0.26076388359069824, 0.4591609696404402, 1791229238664855949
-0.2622014880180359, 0.02935612201690674, 0.5667113611750614, 1791229238691780829
0.042839884757995605, 0.39853984117507935, 0.514871757668987, 1791229238721807576
0.20477277040481567, 0.365636944770813, 0.4939831675032059, 1791229238751921349
-0.10897040367126465, 0.15599274635314941, 0.4743159420143508, 1791229238782242139
-0.24563664197921753, 0.17148524522781372, 0.5160140767561108, 1791229238811301724
0.07822966575622559, 0.496399462223053, 0.4972439191962804, 1791229238842208382
-0.06930571794509888, -0.4408159852027893, 0.49448805786069505, 1791229238872768360
-0.040815651416778564, 0.13669580221176147, 0.4588113498574785, 1791229238905481874
-0.14166122674942017, 0.3745548725128174, 0.5606274879258669, 1791229238932269654
-0.4403126835823059, 0.4694322943687439, 0.5116030316293121, 1791229238962217106
0.6947312951087952, -0.09430187940597534, 0.5202195646601552, 1791229238992228447
-0.16377466917037964, 0.49680209159851074, 0.49147098544315765, 1791229239022283527
-0.0671204924583435, 0.20586371421813965, 0.4843880059409363, 1791229239052328941
-0.09208667278289795, 0.39709657430648804, 0.49256244577998104, 1791229239082363493
0.5696829557418823, -0.0044449567794799805, 0.4811966168006616, 1791229239112715782
-0.10674542188644409, 0.009447455406188965, 0.4399788033972437, 1791229239144763416
-0.11943674087524414, 0.2893099784851074, 0.5229579023918596, 1791229239172603040
-0.2423902153968811, 0.11143887042999268, 0.4828757207258287, 1791229239202572353
-0.4281429648399353, 0.1831907033920288, 0.4936828913403521, 1791229239232666060
-0.3536487817764282, 0.28502601385116577, 0.5217205730073268, 1791229239263037539
0.23065388202667236, 0.3537105917930603, 0.5296150908685778, 1791229239292763573
-0.22190314531326294, -0.33339792490005493, 0.4991106509914844, 1791229239322827168
-0.1551472544670105, 0.43039363622665405, 0.4839754211293677, 1791229239353943331
0.22943180799484253, 0.625191867351532, 0.4845684048275088, 1791229239385112667
-0.1408115029335022, -0.5026618242263794, 0.45393522199551156, 1791229239415308882
-0.16345208883285522, 0.21552950143814087, 0.540001358865075, 1791229239441995708
0.37005847692489624, 0.35558217763900757, 0.48419492461276853, 1791229239473044949
-0.028129875659942627, -0.057139575481414795, 0.4936158439483251, 1791229239503095079
0.20216155052185059, 0.34257394075393677, 0.49608796992530796, 1791229239533114866
0.08902126550674438, 0.07617861032485962, 0.4925004165418553, 1791229239563162913
0.09467941522598267, 0.2583885192871094, 0.5060126974389632, 1791229239593284133
-0.31048446893692017, 0.19168376922607422, 0.5149278913105947, 1791229239624770677
-0.5984002351760864, 0.5118125081062317, 0.4798113370010629, 1791229239656580727
-0.9919716119766235, 0.061208903789520264, 0.500646120632869, 1791229239683430737
-1.427793025970459, -0.1505066156387329, 0.41426996906005853, 1791229239713482979
-0.39467936754226685, 0.3871634602546692, 0.3188587146903192, 1791229239737344295
1.1411701440811157, 0.2899326682090759, 0.4256339995010126, 1791229239773560051
0.25827616453170776, 0.1491227149963379, 0.4300458467285462, 1791229239803782461
0.7129518389701843, 0.13272470235824585, 0.4957606542082648, 1791229239833675342
0.36537814140319824, 0.7134872078895569, 0.48454010450156265, 1791229239865230064
0.19785326719284058, 0.12055087089538574, 0.465013396692801, 1791229239896801911
-1.4296774864196777, -0.014485001564025879, 0.5483341793001126, 1791229239923787382
0.24172323942184448, 0.585995614528656, 0.491356384024653, 1791229239953807788
-0.25941455364227295, -0.182508647441864, 0.47988594632620635, 1791229239983822628
0.13845378160476685, 0.021812796592712402, 0.5008493652936411, 1791229240013895774
-0.49271470308303833, 0.5021224021911621, 0.4889929355347354, 1791229240043932757
0.217309832572937, 0.12603759765625, 0.5043794918659993, 1791229240073017816
0.3953571319580078, 0.16558462381362915, 0.5044949573235612, 1791229240103990994
-0.44497090578079224, -0.029918968677520752, 0.4729844019089855, 1791229240136794452
-0.004222512245178223, 0.22208547592163086, 0.5653409843828117, 1791229240164186612
0.2357093095779419, 0.661788284778595, 0.517366307616483, 1791229240194317898
-0.1641751527786255, 0.3369271159172058, 0.4950690288119976, 1791229240224525216
-0.31721627712249756, -0.18105852603912354, 0.5007753719285786, 1791229240254393800
0.6748583912849426, 0.3912501335144043, 0.5116463823603316, 1791229240284367986
-0.05849403142929077, 0.14548522233963013, 0.4893002338991576, 1791229240314466726
-0.2682306170463562, -0.3159192204475403, 0.4793617705721715, 1791229240344826737
0.013627707958221436, 0.18056583404541016, 0.4616994701046438, 1791229240377232005
0.01301807165145874, 0.5792959928512573, 0.5266172423488782, 1791229240404624568
-0.1321502923965454, 0.2529504895210266, 0.4768782124250162, 1791229240434694233
-0.24520838260650635, -0.30379289388656616, 0.5331808369714974, 1791229240464664523
0.49823981523513794, 0.004879176616668701, 0.5119532542871469, 1791229240494679408
-0.020523250102996826, 0.6855652332305908, 0.5002743405567672, 1791229240524725782
-0.4236988425254822, 0.3053895831108093, 0.4970789796000017, 1791229240554802626
0.0018303990364074707, -0.13178342580795288, 0.5006614698676151, 1791229240584884614
0.020341455936431885, 0.3774909973144531, 0.48137020259183644, 1791229240617228313
0.07685637474060059, 0.09242767095565796, 0.551822991430919, 1791229240644016208
-0.22632741928100586, 0.17640751600265503, 0.47694153718682025, 1791229240673986421
-0.463767409324646, -0.09737110137939453, 0.48530838784343805, 1791229240705105481
0.7828710675239563, 0.6109614372253418, 0.4516762015144415, 1791229240727176725
-0.2274065613746643, 0.4304049611091614, 0.5163502197935126, 1791229240765177884
-0.32592153549194336, 0.21115857362747192, 0.513581697865273, 1791229240795262008
0.11927008628845215, 0.04206138849258423, 0.5134322881374704, 1791229240825600955
-0.19859039783477783, 0.032451629638671875, 0.4830122906547681, 1791229240856821296
0.05238914489746094, 0.13743573427200317, 0.48577787842650116, 1791229240888452972
0.3189697861671448, 0.4848063588142395, 0.5516308585569452, 1791229240915414895
-0.10708463191986084, 0.05505239963531494, 0.46907428607200885, 1791229240945450400
0.18047934770584106, -0.08910006284713745, 0.5009050174397446, 1791229240975478635
0.14619839191436768, 0.6551269888877869, 0.5014174758369077, 1791229241005508772
0.09554892778396606, -0.20695936679840088, 0.47119281275371305, 1791229241035629338
-0.12788599729537964, 0.11586219072341919, 0.5116307752491847, 1791229241065664623
0.241055428981781, 0.33415859937667847, 0.49472410392018057, 1791229241097106019
-0.10287213325500488, 0.4889930486679077, 0.47633916207448485, 1791229241128089604
0.15456581115722656, 0.05720609426498413, 0.5166624820287462, 1791229241155781129
0.07146084308624268, 0.1857151985168457, 0.5039052955260543, 1791229241185892449
-0.28303325176239014, -0.19469362497329712, 0.4999942874496084, 1791229241215911550
0.01628100872039795, 0.6401124596595764, 0.4973195656737435, 1791229241245963722
-0.20594632625579834, 0.1281488537788391, 0.4817412046041586, 1791229241275974559
-0.32017743587493896, -0.01604938507080078, 0.49651460505450906, 1791229241306058839
-0.05628877878189087, 0.6239118576049805, 0.49747464819752557, 1791229241337297312
-0.3350072503089905, 0.21897053718566895, 0.4742607556305781, 1791229241369090840
-0.35608118772506714, -0.051895201206207275, 0.5787045307866436, 1791229241395148451
-0.08225923776626587, 0.3457217216491699, 0.4901968908239707, 1791229241426227517
0.0992131233215332, -0.11278146505355835, 0.48666746454559895, 1791229241456250712
-0.3114778995513916, 0.32870060205459595, 0.4687150111328031, 1791229241486316182
-0.0266648530960083, 0.2393682599067688, 0.48841166372647365, 1791229241516372514
0.06296837329864502, 0.07272279262542725, 0.4862239959183298, 1791229241546433173
0.26117557287216187, 0.25714272260665894, 0.49448636728002215, 1791229241576906997
0.3063579201698303, 0.051998257637023926, 0.4697429913547214, 1791229241609201614
-0.2403748631477356, 0.10792231559753418, 0.5480202537340603, 1791229241636718414
-0.030513286590576172, -0.09274935722351074, 0.5132775890799477, 1791229241666840316
-0.27948224544525146, 0.23524099588394165, 0.5185039867101722, 1791229241696778049
-0.21007531881332397, -0.0021125078201293945, 0.5015365677685902, 1791229241726760210
0.09056782722473145, 0.8003249168395996, 0.4978770953073948, 1791229241756800153
0.14867931604385376, 0.22534382343292236, 0.4822030613755556, 1791229241786842022
-0.18581551313400269, 0.06371080875396729, 0.5044914394851334, 1791229241816005232
-0.2785656452178955, 0.2640804052352905, 0.429767106575442, 1791229241849691208
0.025435805320739746, -0.09332233667373657, 0.5553013203136111, 1791229241877042970
-0.5824681520462036, -0.0968482494354248, 0.5260848730728664, 1791229241905980067
0.28273648023605347, 0.6285626888275146, 0.4873547744718151, 1791229241937049064
-0.5169436931610107, -0.19408297538757324, 0.4765134801219755, 1791229241967080551
-0.4091687798500061, 0.4826059937477112, 0.4764017861882924, 1791229241997162347
0.011328041553497314, 0.7909350395202637, 0.5124163909732908, 1791229242026171472
0.12073028087615967, -0.3526628017425537, 0.4617222494028146, 1791229242057282761
0.1294403076171875, 0.24386805295944214, 0.4708768898207383, 1791229242089281915
-0.142372727394104, 0.33972108364105225, 0.48994667495739086, 1791229242119866505
-0.12269604206085205, -0.07341617345809937, 0.5553135472656505, 1791229242147479918
-0.219224214553833, 0.34164953231811523, 0.5210675474736096, 1791229242177478984
-0.34582287073135376, 0.4739009141921997, 0.49799599127588634, 1791229242207529987
-0.23976212739944458, -0.04740554094314575, 0.48995771141547106, 1791229242237585794
-0.053441762924194336, 0.7539584040641785, 0.5125571375051757, 1791229242267626971
-0.1864582896232605, -0.09703779220581055, 0.4993185785918501, 1791229242297897695
-0.1853795051574707, 0.08254921436309814, 0.47061735049559245, 1791229242329153448
0.015950024127960205, 0.1369384527206421, 0.4448068607153569, 1791229242361901490
-0.03333359956741333, 0.22222119569778442, 0.560132260686119, 1791229242397812394
-0.14893770217895508, 0.20898491144180298, 0.5178789443658364, 1791229242427830114
0.18539702892303467, 0.2161015272140503, 0.5189756133633788, 1791229242457885670
-0.31582778692245483, 0.04977291822433472, 0.4806568992671847, 1791229242489434107
-0.0667693018913269, 0.38458728790283203, 0.4564734723757038, 1791229242521528993
-0.10305017232894897, 0.6328784227371216, 0.5343537700236741, 1791229242548137269
0.12454891204833984, 0.10650205612182617, 0.49535394940013805, 1791229242578222627
0.6822406649589539, -0.28443944454193115, 0.5062567447066688, 1791229242608162607
0.7027353644371033, 0.4101415276527405, 0.4653988325200366, 1791229242638184748
0.025720417499542236, 0.25270670652389526, 0.4603101400017679, 1791229242668537701
-0.1836283802986145, -0.28260666131973267, 0.4787340971146042, 1791229242698568785
0.031745731830596924, 0.5261998772621155, 0.518208574901152, 1791229242729202310
-0.1896120309829712, 0.1628144383430481, 0.5055029438457797, 1791229242761389364
0.5764462947845459, 0.014845132827758789, 0.5541679595988184, 1791229242788522033
0.013497531414031982, 0.20786172151565552, 0.49337449886758006, 1791229242818507968
0.7096325159072876, 0.20651453733444214, 0.5135717384139341, 1791229242848548631
-0.2828853130340576, 0.1914156675338745, 0.49367206967254124, 1791229242878576445
-0.07713460922241211, 0.13914906978607178, 0.49175204606548767, 1791229242908615597
0.5429764986038208, -0.07882773876190186, 0.518943875320412, 1791229242938683244
0.3182975649833679, 0.30205345153808594, 0.46570167468243256, 1791229242970102147
-0.01674354076385498, 0.4518314599990845, 0.4527429751356135, 1791229243001548736
-0.40104997158050537, -0.05674576759338379, 0.5307632439811876, 1791229243028845531
0.7190592288970947, 0.4567010998725891, 0.4822355422248059, 1791229243058881964
-0.23029553890228271, 0.45607900619506836, 0.5171214181938647, 1791229243088064356
-0.07727164030075073, 0.4309324026107788, 0.5085935414750935, 1791229243118293775
-0.6115018129348755, 0.15442389249801636, 0.5037214492144577, 1791229243149167403
0.26424288749694824, 0.5567966103553772, 0.5086894010167266, 1791229243179198072
-0.4972561001777649, 0.02723914384841919, 0.4758606735063181, 1791229243209217729
0.2813851237297058, -0.49168461561203003, 0.4739361275473304, 1791229243241167212
-0.27072352170944214, 0.6190124750137329, 0.5224719839846157, 1791229243271775767
-0.3168866038322449, 0.4430258870124817, 0.5693339125070923, 1791229243299316206
-0.47928792238235474, 0.08710408210754395, 0.509371492094944, 1791229243329349599
0.39894193410873413, 0.020512878894805908, 0.49024041405245905, 1791229243359345617
-0.03760617971420288, 0.32717275619506836, 0.47555796223143026, 1791229243389421257
-0.26228946447372437, 0.15382742881774902, 0.4810219241812547, 1791229243419469231
-0.13240289688110352, 0.4615291953086853, 0.4733749463576416, 1791229243449616548
-0.380302369594574, 0.044724881649017334, 0.4513940001629675, 1791229243481329640
-0.2256314754486084, 0.07155787944793701, 0.46316052743980396, 1791229243513201732
0.0006979703903198242, 0.2566121816635132, 0.5419283117067317, 1791229243549729416
-0.11121022701263428, 0.5041489005088806, 0.5174471403176127, 1791229243579743469
0.4298582077026367, 0.029507577419281006, 0.5104653489429882, 1791229243609852716
0.03984832763671875, -0.2513180375099182, 0.44691265586953005, 1791229243642026274
0.21312391757965088, 0.4843326807022095, 0.4654288768566438, 1791229243672974126
-0.3111301064491272, -0.07912909984588623, 0.514300333690903, 1791229243700022349
0.020298898220062256, -0.11784631013870239, 0.5000429121618661, 1791229243728997532
