range_m,angle_rad,x_m,y_m
4.935999870300292969e+00,0.000000000000000000e+00,4.935999870300292969e+00,0.000000000000000000e+00
3.359999895095825195e+00,4.357254598289728165e-02,3.356810807638698435e+00,1.463574281134544519e-01
3.359999895095825195e+00,5.228705517947673798e-02,3.355407928846696919e+00,1.756044591594364268e-01
3.335999965667724609e+00,6.100156437605619431e-02,3.329794943913832128e+00,2.033750290004579797e-01
3.335999965667724609e+00,6.971607357263565063e-02,3.327896216825507736e+00,2.323844680126704865e-01
3.335999965667724609e+00,7.843058276921510696e-02,3.325744762010614419e+00,2.613762592394761608e-01
3.344000101089477539e+00,8.714509196579456329e-02,3.331310519914422397e+00,2.910444914337608768e-01
4.863999843597412109e+00,9.585960116237401962e-02,4.841669150476854533e+00,4.655473293193579942e-01
4.831999778747558594e+00,1.045741103589534760e-01,4.805603089886302470e+00,5.043816058220936815e-01
4.800000190734863281e+00,1.132886195555329323e-01,4.769230772161179743e+00,5.426229565044232706e-01
4.760000228881835938e+00,1.220031287521123886e-01,4.724618410408035984e+00,5.792953089647607801e-01
4.664000034332275391e+00,1.307176379486918449e-01,4.624209621813458959e+00,6.079323101952178732e-01
4.631999969482421875e+00,1.394321471452713013e-01,4.587046764188747794e+00,6.437590391060121764e-01
3.812000036239624023e+00,1.481466563418507576e-01,3.770244683300310040e+00,5.626715776868783658e-01
3.812000036239624023e+00,1.568611655384302139e-01,3.765198178405721130e+00,5.955056285385850190e-01
3.812000036239624023e+00,1.655756747350096703e-01,3.759865736115939772e+00,6.282944553887441774e-01
3.808000087738037109e+00,1.742901839315891266e-01,3.750308412604210329e+00,6.603419406360510058e-01
3.808000087738037109e+00,1.830046931281685829e-01,3.744411526208546004e+00,6.929985502217765880e-01
5.032000064849853516e+00,1.917192023247480392e-01,4.939804249741308162e+00,9.588319075242767164e-01
5.032000064849853516e+00,2.004337115213274956e-01,4.931261036248188567e+00,1.001842924329640283e+00
5.104000091552734375e+00,2.091482207179069519e-01,4.992774342878545824e+00,1.059726991099133597e+00
5.159999847412109375e+00,2.178627299144864082e-01,5.038025891278197221e+00,1.115299755269191895e+00
5.191999912261962891e+00,2.265772391110658646e-01,5.059297600239084147e+00,1.166349382107812582e+00
5.263999938964843750e+00,2.352917483076453209e-01,5.118957623892859132e+00,1.227178960955187970e+00
5.296000003814697266e+00,2.440062575042247772e-01,5.139121279714721879e+00,1.279471966394182481e+00
5.320000171661376953e+00,2.527207667008042336e-01,5.151014132064517526e+00,1.330208719618354962e+00
1.007199954986572266e+01,2.701497850939631462e-01,9.706697524992847548e+00,2.687972859013468163e+00
1.007199954986572266e+01,2.788642942905426025e-01,9.682904883342965618e+00,2.772458827941051140e+00
5.664000034332275391e+00,3.050078218802809715e-01,5.402575867998439030e+00,1.700902813048685402e+00
5.664000034332275391e+00,3.137223310768604279e-01,5.387548380680042825e+00,1.747918429088687109e+00
5.696000099182128906e+00,3.224368402734398842e-01,5.402462726311415331e+00,1.804941445227142394e+00
5.696000099182128906e+00,3.311513494700193405e-01,5.386528609147686275e+00,1.851952124844568948e+00
5.776000022888183594e+00,3.398658586665987968e-01,5.445609306591327581e+00,1.925490987870423831e+00
5.768000125885009766e+00,3.485803678631782532e-01,5.421104262666997187e+00,1.970140610591843533e+00
5.751999855041503906e+00,3.572948770597577095e-01,5.388740031007402287e+00,2.011711512771109156e+00
5.711999893188476562e+00,3.660093862563371658e-01,5.333654074255523625e+00,2.044279089547856643e+00
5.696000099182128906e+00,3.747238954529166222e-01,5.300747338372329587e+00,2.084824881044325728e+00
5.631999969482421875e+00,3.834384046494960785e-01,5.223025385744374027e+00,2.106995366895673794e+00
5.616000175476074219e+00,3.921529138460755348e-01,5.189680639542133100e+00,2.146316106846531291e+00
5.576000213623046875e+00,4.008674230426549911e-01,5.133950847811982854e+00,2.175850885188342243e+00
5.552000045776367188e+00,4.095819322392344475e-01,5.092779622239393511e+00,2.210950073521328108e+00
5.559999942779541016e+00,4.182964414358139038e-01,5.080629306893940544e+00,2.258496227501586517e+00
3.924000024795532227e+00,5.228705517947673798e-01,3.399711579837252806e+00,1.959524781296686502e+00
3.924000024795532227e+00,5.315850609913468361e-01,3.382506408474240001e+00,1.989076818834817795e+00
3.920000076293945312e+00,5.402995701879262924e-01,3.361614187837556944e+00,2.016420256363682828e+00
3.911999940872192383e+00,5.490140793845057487e-01,3.337090222203024314e+00,2.041463295349932761e+00
3.907999992370605469e+00,5.577285885810852051e-01,3.315779589572413588e+00,2.068349499901709354e+00
3.915999889373779297e+00,5.664430977776646614e-01,3.304379696791989396e+00,2.101459005787248646e+00
1.330000013113021851e-01,5.751576069742441177e-01,1.116011762193627882e-01,7.234761789624531703e-02
3.931999921798706055e+00,5.838721161708235741e-01,3.280602686311769656e+00,2.167549168897681788e+00
3.971999883651733398e+00,5.925866253674030304e-01,3.294769150643744648e+00,2.218395663468462953e+00
4.248000144958496094e+00,7.668768092989921570e-01,3.058905584952254397e+00,2.947643440770153944e+00
4.248000144958496094e+00,7.755913184955716133e-01,3.033102494210329070e+00,2.974188038975088766e+00
4.208000183105468750e+00,7.843058276921510696e-01,2.978753939739796852e+00,2.972253439311711265e+00
4.168000221252441406e+00,7.930203368887305260e-01,2.924671593773773726e+00,2.969599621654942290e+00
4.168000221252441406e+00,8.017348460853099823e-01,2.898682265125001933e+00,2.994973617615051875e+00
4.184000015258789062e+00,8.104493552818894386e-01,2.883499428649194840e+00,3.031713570353458564e+00
4.191999912261962891e+00,8.191638644784688950e-01,2.862432965742963020e+00,3.062570943020299641e+00
2.720000028610229492e+00,8.365928828716278076e-01,1.822389229368208463e+00,2.019231946142492351e+00
2.720000028610229492e+00,8.453073920682072639e-01,1.804723638610511660e+00,2.035036300383874064e+00
2.723999977111816406e+00,8.540219012647867203e-01,1.789548784317615215e+00,2.053701785521091949e+00
3.996000051498413086e+00,8.627364104613661766e-01,2.598843627371307807e+00,3.035461779045629971e+00
4.920000076293945312e+00,8.714509196579456329e-01,3.167087143066938282e+00,3.765097578941683398e+00
4.920000076293945312e+00,8.801654288545250893e-01,3.134156323113190368e+00,3.792553874768562316e+00
4.912000179290771484e+00,8.888799380511045456e-01,3.095945297381109906e+00,3.813511305473783697e+00
3.767999887466430664e+00,9.063089564442634583e-01,2.323558437861380721e+00,2.966293872459405012e+00
3.767999887466430664e+00,9.150234656408429146e-01,2.297620741754478946e+00,2.986429654119887811e+00
2.196000099182128906e+00,9.237379748374223709e-01,1.323841074969593024e+00,1.752101950181915502e+00
2.196000099182128906e+00,9.324524840340018272e-01,1.308522291973227780e+00,1.763571900155208150e+00
4.848000049591064453e+00,9.498815024271607399e-01,2.820466914647274947e+00,3.943104216758041236e+00
4.848000049591064453e+00,9.585960116237401962e-01,2.785998035394983585e+00,3.967533166541932665e+00
4.280000209808349609e+00,9.673105208203196526e-01,2.428968586009784492e+00,3.523991118623476915e+00
3.944000005722045898e+00,1.002168557606637478e+00,2.123750366880465812e+00,3.323374854618506902e+00
3.944000005722045898e+00,1.010883066803216934e+00,2.094708511587920263e+00,3.341755870289841557e+00
3.911999940872192383e+00,1.019597575999796391e+00,2.048748863418643928e+00,3.332622335642737355e+00
3.911999940872192383e+00,1.028312085196375847e+00,2.019629269776875624e+00,3.350349407158089488e+00
3.907999992370605469e+00,1.037026594392955303e+00,1.988321198094039177e+00,3.364378509261188643e+00
3.891999959945678711e+00,1.045741103589534760e+00,1.950906974101268121e+00,3.367733015935229890e+00
4.024000167846679688e+00,1.054455612786114216e+00,1.986653790785935181e+00,3.499397671940983834e+00
4.024000167846679688e+00,1.063170121982693672e+00,1.956083208155469100e+00,3.516577289581776622e+00
4.000000000000000000e+00,1.071884631179273129e+00,1.913880711702642179e+00,3.512415211983427987e+00
4.012000083923339844e+00,1.080599140375852585e+00,1.888849090177116441e+00,3.539547116219526224e+00
4.039999961853027344e+00,1.089313649572432041e+00,1.870898912745681431e+00,3.580689451775941556e+00
4.912000179290771484e+00,1.098028158769011497e+00,2.236691845938945988e+00,4.373208815922560611e+00
4.912000179290771484e+00,1.106742667965590954e+00,2.198497030220896598e+00,4.392534185349326492e+00
2.259999990463256836e+00,1.167744232341647148e+00,8.864345741360508679e-01,2.078902042586460830e+00
2.259999990463256836e+00,1.176458741538226604e+00,8.682845335788471619e-01,2.086547848874231725e+00
5.000000000000000000e+00,1.193887759931385517e+00,1.840238984621546336e+00,4.649034359894434587e+00
5.000000000000000000e+00,1.202602269127964973e+00,1.799655568836733499e+00,4.664894407546105626e+00
4.975999832153320312e+00,1.211316778324544430e+00,1.750492533900924297e+00,4.657934114856820074e+00
4.992000102996826172e+00,1.220031287521123886e+00,1.715332924763462774e+00,4.688037754278728819e+00
5.024000167846679688e+00,1.228745796717703342e+00,1.685147807580836599e+00,4.732954104270288731e+00
5.024000167846679688e+00,1.237460305914282799e+00,1.643838970650053577e+00,4.747459439015318416e+00
4.984000205993652344e+00,1.246174815110862255e+00,1.589647305624247053e+00,4.723693416921375565e+00
4.111999988555908203e+00,1.263603833504021168e+00,1.243401996356910733e+00,3.919501930263517231e+00
4.111999988555908203e+00,1.272318342700600624e+00,1.209198679725781211e+00,3.930188603468441233e+00
4.079999923706054688e+00,1.281032851897180080e+00,1.165760297181506866e+00,3.909910779922822766e+00
4.087999820709228516e+00,1.298461870290338993e+00,1.099592599941957793e+00,3.937339031410880263e+00
4.087999820709228516e+00,1.307176379486918449e+00,1.065239304296521583e+00,3.946771814876120388e+00
4.052000045776367188e+00,1.315890888683497906e+00,1.021727628273307431e+00,3.921068352451240191e+00
4.052000045776367188e+00,1.324605397880077362e+00,9.875190784328757854e-01,3.929823207308792643e+00
5.216000080108642578e+00,1.342034416273236275e+00,1.182842055546582616e+00,5.080112351840626594e+00
5.216000080108642578e+00,1.350748925469815731e+00,1.138527016265680425e+00,5.090227211915646421e+00
5.231999874114990234e+00,1.359463434666395187e+00,1.097481684723837558e+00,5.115599342641583114e+00
5.248000144958496094e+00,1.368177943862974644e+00,1.056080450762256540e+00,5.140641944640979233e+00
5.256000041961669922e+00,1.376892453059554100e+00,1.012784254428261255e+00,5.157499829867497887e+00
4.352000236511230469e+00,1.385606962256133556e+00,8.013453950953504101e-01,4.277587125512849475e+00
4.343999862670898438e+00,1.394321471452713013e+00,7.626338187603383112e-01,4.276531826768954048e+00
4.368000030517578125e+00,1.403035980649292469e+00,7.293448739023921101e-01,4.306678571882729400e+00
4.375999927520751953e+00,1.411750489845871925e+00,6.930540578398588503e-01,4.320769773845087869e+00
4.343999862670898438e+00,1.420464999042451382e+00,6.505823173469316156e-01,4.295006106542839319e+00
4.935999870300292969e+00,1.490181072615087032e+00,3.974860258881928732e-01,4.919969469298373532e+00
4.935999870300292969e+00,1.498895581811666489e+00,3.545963563945800923e-01,4.923246504455794259e+00
4.888000011444091797e+00,1.507610091008245945e+00,3.086488454375049817e-01,4.878245586487783392e+00
4.880000114440917969e+00,1.516324600204825401e+00,2.656905950126045579e-01,4.872762011905077628e+00
4.872000217437744141e+00,1.525039109401404858e+00,2.228513892463594437e-01,4.866900797943635837e+00
4.895999908447265625e+00,1.533753618597984314e+00,1.813196226452376270e-01,4.892641239449242896e+00
4.952000141143798828e+00,1.542468127794563770e+00,1.402624838914787730e-01,4.950013316497320126e+00
4.984000205993652344e+00,1.551182636991143227e+00,9.774836649315814252e-02,4.983041572191896584e+00
5.007999897003173828e+00,1.559897146187722683e+00,5.458201469079961704e-02,5.007702444440573331e+00
5.815999984741210938e+00,1.568611655384302139e+00,1.270603878346903727e-02,5.815986105475854373e+00
5.831999778747558594e+00,1.577326164580881596e+00,-3.808174189526354614e-02,5.831875444507177875e+00
5.855999946594238281e+00,1.586040673777461052e+00,-8.926743754367430506e-02,5.855319521521102466e+00
5.880000114440917969e+00,1.594755182974040508e+00,-1.408645994970229021e-01,5.878312556374809539e+00
5.895999908447265625e+00,1.603469692170619965e+00,-1.926078852756194781e-01,5.892853054585683203e+00
5.952000141143798828e+00,1.612184201367199421e+00,-2.462703128677058706e-01,5.946903111130686703e+00
5.984000205993652344e+00,1.620898710563778877e+00,-2.996872564655415072e-01,5.976491112153035523e+00
6.072000026702880859e+00,1.629613219760358334e+00,-3.569302968558312195e-01,6.061500234056433456e+00
6.096000194549560547e+00,1.638327728956937790e+00,-4.113586081261759730e-01,6.082105101646039458e+00
6.151999950408935547e+00,1.647042238153517246e+00,-4.686104950082959353e-01,6.134126473573855876e+00
6.176000118255615234e+00,1.655756747350096703e+00,-5.240845384785122185e-01,6.153723495349879613e+00
6.199999809265136719e+00,1.664471256546676159e+00,-5.799355225186464402e-01,6.172817219439496128e+00
6.239999771118164062e+00,1.673185765743255615e+00,-6.377943146419071674e-01,6.207319514554184181e+00
6.263999938964843750e+00,1.681900274939835072e+00,-6.945241860643138754e-01,6.225378011841792514e+00
6.808000087738037109e+00,1.742901839315891266e+00,-1.165918580526556392e+00,6.707421192844837066e+00
6.808000087738037109e+00,1.751616348512470722e+00,-1.224325453162576682e+00,6.697006225126221679e+00
6.776000022888183594e+00,1.760330857709050179e+00,-1.276610478603222187e+00,6.654655663225642392e+00
6.776000022888183594e+00,1.769045366905629635e+00,-1.334553328273582862e+00,6.643278085717514436e+00
7.072000026702880859e+00,1.777759876102209091e+00,-1.453219633249954956e+00,6.921079184290728215e+00
7.072000026702880859e+00,1.786474385298788548e+00,-1.513477497715299158e+00,6.908152447767418991e+00
7.239999771118164062e+00,1.795188894495368004e+00,-1.611002754043588059e+00,7.058488989313154605e+00
6.271999835968017578e+00,1.838761440478265285e+00,-1.660635650427876309e+00,6.048162628345142622e+00
6.271999835968017578e+00,1.847475949674844742e+00,-1.713278696008082136e+00,6.033461531508068632e+00
7.783999919891357422e+00,1.856190458871424198e+00,-2.191473577366091607e+00,7.469143077527362173e+00
7.791999816894531250e+00,1.864904968068003654e+00,-2.258798522096191252e+00,7.457418479813269663e+00
7.863999843597412109e+00,1.873619477264583111e+00,-2.345171238429852423e+00,7.506175151336499596e+00
8.079999923706054688e+00,1.882333986461162567e+00,-2.476702908992256980e+00,7.691055939705493394e+00
8.119999885559082031e+00,1.891048495657742023e+00,-2.556224019984873141e+00,7.707147131145990926e+00
4.375999927520751953e+00,1.899763004854321480e+00,-1.413733682383657042e+00,4.141344279452695787e+00
4.392000198364257812e+00,1.908477514050900936e+00,-1.455070219133131282e+00,4.143963851172394186e+00
8.552000045776367188e+00,1.934621041640639305e+00,-3.043239362508744605e+00,7.992208641260334367e+00
8.552000045776367188e+00,1.943335550837218761e+00,-3.112771101541756735e+00,7.965385166604657563e+00
8.592000007629394531e+00,1.952050060033798218e+00,-3.196949814739239670e+00,7.975084702568509876e+00
8.671999931335449219e+00,1.960764569230377674e+00,-3.296739186747584593e+00,8.020916004026279467e+00
9.000000000000000000e+00,2.004337115213274956e+00,-3.780779741220111845e+00,8.167356031689790186e+00
9.000000000000000000e+00,2.013051624409854412e+00,-3.851809779263243527e+00,8.134098685433565734e+00
8.975999832153320312e+00,2.021766133606433868e+00,-3.912087103142648736e+00,8.078622870529443389e+00
8.935999870300292969e+00,2.030480642803013325e+00,-3.964592307447468933e+00,8.008376959018301378e+00
8.887999534606933594e+00,2.039195151999592781e+00,-4.012559816178192129e+00,7.930693503645510845e+00
8.871999740600585938e+00,2.047909661196172237e+00,-4.074171307442149725e+00,7.881212315045953432e+00
8.767999649047851562e+00,2.056624170392751694e+00,-4.094134772349022455e+00,7.753442997246182244e+00
8.744000434875488281e+00,2.065338679589331150e+00,-4.150155188372767867e+00,7.696346894308060627e+00
8.680000305175781250e+00,2.074053188785910606e+00,-4.186200582771816947e+00,7.603823378975379299e+00
8.656000137329101562e+00,2.082767697982490063e+00,-4.240546772774152373e+00,7.546131554999299773e+00
8.623999595642089844e+00,2.091482207179069519e+00,-4.290226277875241578e+00,7.481131432494931843e+00
8.543999671936035156e+00,2.100196716375648975e+00,-4.314855703135347831e+00,7.374411885375229403e+00
8.512000083923339844e+00,2.108911225572228432e+00,-4.362555058521718543e+00,7.309053207500784133e+00
6.664000034332275391e+00,2.117625734768807888e+00,-3.465157392342155696e+00,5.692238637291753278e+00
6.656000137329101562e+00,2.126340243965387344e+00,-3.510411064960747840e+00,5.655028910901001460e+00
8.368000030517578125e+00,2.135054753161966801e+00,-4.475117248676869330e+00,7.070838007007157699e+00
8.368000030517578125e+00,2.143769262358546257e+00,-4.536565426500300369e+00,7.031571562732212399e+00
8.336000442504882812e+00,2.152483771555125713e+00,-4.580087405477866191e+00,6.965034295366004713e+00
6.176000118255615234e+00,2.161198280751705170e+00,-3.438148249051458993e+00,5.130508169590783041e+00
6.184000015258789062e+00,2.169912789948284626e+00,-3.487238239757389113e+00,5.106958551613130837e+00
6.840000152587890625e+00,2.178627299144864082e+00,-3.906243886100944085e+00,5.614878519585384531e+00
6.840000152587890625e+00,2.187341808341443539e+00,-3.955025852918339080e+00,5.580624749089471592e+00
6.840000152587890625e+00,2.196056317538022995e+00,-4.003507466411228677e+00,5.545947173728929869e+00
6.840000152587890625e+00,2.204770826734602451e+00,-4.051685044779715028e+00,5.510848426994773064e+00
7.592000007629394531e+00,2.213485335931181908e+00,-4.550266134547634955e+00,6.077297279270913677e+00
7.576000213623046875e+00,2.222199845127761364e+00,-4.593352623518662803e+00,6.024690109277876182e+00
7.576000213623046875e+00,2.230914354324340820e+00,-4.645679761729918589e+00,5.984433038164057805e+00
7.599999904632568359e+00,2.239628863520920277e+00,-4.712535596795518700e+00,5.962550360319831988e+00
7.592000007629394531e+00,2.248343372717499733e+00,-4.759301693233730646e+00,5.915024218769292297e+00
6.368000030517578125e+00,2.257057881914079189e+00,-4.035079908705094809e+00,4.926413961395891050e+00
6.472000122070312500e+00,2.265772391110658646e+00,-4.144455661086351661e+00,4.970942853560823771e+00
6.392000198364257812e+00,2.274486900307238102e+00,-4.135854239855510706e+00,4.873640963649036095e+00
7.703999996185302734e+00,2.283201409503817558e+00,-5.035764335081562848e+00,5.830325334211092780e+00
7.703999996185302734e+00,2.291915918700397015e+00,-5.086380902254348690e+00,5.786220291209572153e+00
7.039999961853027344e+00,2.300630427896976471e+00,-4.693891830160781709e+00,5.246806547762218109e+00
7.039999961853027344e+00,2.309344937093555927e+00,-4.739436363138211483e+00,5.205702874987570894e+00
7.007999897003173828e+00,2.318059446290135384e+00,-4.762872651597474416e+00,5.140730168085205776e+00
6.943999767303466797e+00,2.326773955486714840e+00,-4.763586063943775706e+00,5.052462823189424412e+00
6.952000141143798828e+00,2.335488464683294296e+00,-4.812973139666721245e+00,5.016532220499541062e+00
2.240000009536743164e+00,2.370346501469612122e+00,-1.606175480145141554e+00,1.561345691928963442e+00
2.240000009536743164e+00,2.379061010666191578e+00,-1.619720681078225644e+00,1.547289552091688725e+00
2.232000112533569336e+00,2.387775519862771034e+00,-1.627310298861939897e+00,1.527640564258402334e+00
2.232000112533569336e+00,2.396490029059350491e+00,-1.640560977355437267e+00,1.513401527000828306e+00
7.576000213623046875e+00,2.448777084238827229e+00,-5.829359014449862819e+00,4.838837951147834993e+00
7.576000213623046875e+00,2.457491593435406685e+00,-5.871305231406872771e+00,4.787854855409752197e+00
7.552000045776367188e+00,2.501064139418303967e+00,-6.055042744884048922e+00,4.513220806589600897e+00
7.552000045776367188e+00,2.509778648614883423e+00,-6.094142834697484190e+00,4.460283376839588421e+00
7.440000057220458984e+00,2.518493157811462879e+00,-6.041827884231635970e+00,4.341649072502463902e+00
7.440000057220458984e+00,2.527207667008042336e+00,-6.079433331297603438e+00,4.288833317086145236e+00
7.464000225067138672e+00,2.535922176204621792e+00,-6.136308124569321620e+00,4.249355475851229968e+00
7.535999774932861328e+00,2.544636685401201248e+00,-6.232652970237950285e+00,4.236192814352551572e+00
7.544000148773193359e+00,2.553351194597780704e+00,-6.275987836790762664e+00,4.186157536111650757e+00
7.480000019073486328e+00,2.562065703794360161e+00,-6.258679073605588172e+00,4.096258846673491938e+00
7.504000186920166016e+00,2.570780212990939617e+00,-6.314333094198886442e+00,4.054530352679900140e+00
7.487999916076660156e+00,2.579494722187519073e+00,-6.335887676035530269e+00,3.990823235853118156e+00
7.487999916076660156e+00,2.588209231384098530e+00,-6.370424721045464089e+00,3.935458247352764616e+00
1.360000073909759521e-01,2.596923740580677986e+00,-1.163206547350876113e-01,7.046635574759101128e-02
1.350000053644180298e-01,2.605638249777257442e+00,-1.160705264595155578e-01,6.893935259199783505e-02
1.319999992847442627e-01,2.614352758973836899e+00,-1.140742815760412282e-01,6.641579702211325431e-02
7.495999813079833984e+00,2.623067268170416355e+00,-6.510657703208235780e+00,3.715016752229815644e+00
5.440000057220458984e+00,2.631781777366995811e+00,-4.748232339657397993e+00,2.654786294824921455e+00
5.440000057220458984e+00,2.640496286563575268e+00,-4.771186910834326333e+00,2.613307499021459535e+00
5.303999900817871094e+00,2.649210795760154724e+00,-4.673934532375110251e+00,2.507339413591117339e+00
5.303999900817871094e+00,2.657925304956734180e+00,-4.695607013782021610e+00,2.466513677236976676e+00
5.288000106811523438e+00,2.666639814153313637e+00,-4.702694055078779023e+00,2.418183978518877897e+00
5.288000106811523438e+00,2.675354323349893093e+00,-4.723588508430114352e+00,2.377111005541316491e+00
5.216000080108642578e+00,2.684068832546472549e+00,-4.679529486979156161e+00,2.304053084498262738e+00
5.216000080108642578e+00,2.692783341743052006e+00,-4.699430237777598940e+00,2.263186310482401709e+00
5.487999916076660156e+00,2.814786470495164394e+00,-5.197533530720726880e+00,1.761757155765561134e+00
5.487999916076660156e+00,2.823500979691743851e+00,-5.212688829295517579e+00,1.716396879452755320e+00
5.495999813079833984e+00,2.832215488888323307e+00,-5.235068353849847256e+00,1.673341948285949732e+00
5.495999813079833984e+00,2.840929998084902763e+00,-5.249451741799812332e+00,1.627657935774127429e+00
5.512000083923339844e+00,2.849644507281482220e+00,-5.278759693962442157e+00,1.586455488996916907e+00
5.599999904632568359e+00,2.858359016478061676e+00,-5.376877884255113926e+00,1.564986629237777871e+00
5.599999904632568359e+00,2.867073525674641132e+00,-5.390311636069191614e+00,1.518070946280790645e+00
5.631999969482421875e+00,2.875788034871220589e+00,-5.434212304830386309e+00,1.479445937599621619e+00
5.631999969482421875e+00,2.884502544067800045e+00,-5.446898443884919061e+00,1.432033867704968877e+00
5.567999839782714844e+00,2.893217053264379501e+00,-5.397134774151807868e+00,1.368779911257342663e+00
8.064000129699707031e+00,2.910646071657538414e+00,-7.849902211834415944e+00,1.845842180803664689e+00
8.064000129699707031e+00,2.919360580854117870e+00,-7.865689547515535729e+00,1.777364912982628775e+00
7.696000099182128906e+00,2.928075090050697327e+00,-7.521236208874368501e+00,1.630773870568345441e+00
7.696000099182128906e+00,2.936789599247276783e+00,-7.535161833318113622e+00,1.565168895780047587e+00
7.696000099182128906e+00,2.945504108443856239e+00,-7.548515221070753789e+00,1.499445058638192219e+00
7.696000099182128906e+00,2.954218617640435696e+00,-7.561295358046776549e+00,1.433607350354902277e+00
7.679999828338623047e+00,2.962933126837015152e+00,-7.557755682471742453e+00,1.364817353108966236e+00
7.647999763488769531e+00,2.971647636033594608e+00,-7.537823194973875651e+00,1.293492119666024509e+00
7.671999931335449219e+00,2.980362145230174065e+00,-7.572497879390753361e+00,1.231608222217473347e+00
8.232000350952148438e+00,2.989076654426753521e+00,-8.136442982451603356e+00,1.250649979566761161e+00
8.232000350952148438e+00,2.997791163623332977e+00,-8.147032695604256247e+00,1.179698281270057825e+00
8.232000350952148438e+00,3.006505672819912434e+00,-8.157003705252567016e+00,1.108656994102416693e+00
8.159999847412109375e+00,3.015220182016491890e+00,-8.094928909992512800e+00,1.028456830369214314e+00
7.935999870300292969e+00,3.023934691213071346e+00,-7.881132615028854538e+00,9.315807242181016745e-01
7.776000022888183594e+00,3.041363709606230259e+00,-7.736974478925493948e+00,7.780760042647594243e-01
7.776000022888183594e+00,3.050078218802809715e+00,-7.743461162205752757e+00,7.106233780056574467e-01
6.527999877929687500e+00,3.111079783178865910e+00,-6.524961214665071729e+00,1.991571072458248326e-01
6.527999877929687500e+00,3.119794292375445366e+00,-6.526448989218752494e+00,1.422884302237307774e-01
6.440000057220458984e+00,3.128508801572024822e+00,-6.439448842347773372e+00,8.425760372476663596e-02
6.440000057220458984e+00,3.137223310768604279e+00,-6.439938583793173521e+00,2.813847848558965678e-02
6.360000133514404297e+00,3.145937819965183735e+00,-6.359940093710370057e+00,-2.763517176659190458e-02
6.375999927520751953e+00,3.154652329161763191e+00,-6.375456205513048147e+00,-8.326612354252774240e-02
6.392000198364257812e+00,3.163366838358342648e+00,-6.390484986253085253e+00,-1.391695956831580649e-01
6.415999889373779297e+00,3.172081347554922104e+00,-6.413018090461414467e+00,-1.955851524502471572e-01
6.464000225067138672e+00,3.180795856751501560e+00,-6.459033628877746125e+00,-2.533446085757227184e-01
6.487999916076660156e+00,3.189510365948081017e+00,-6.480552769671041879e+00,-3.107711545812213982e-01
6.527999877929687500e+00,3.198224875144660473e+00,-6.517534347065484290e+00,-3.694975521863502199e-01
6.559999942779541016e+00,3.206939384341239929e+00,-6.545998685986044840e+00,-4.283695277871117368e-01
6.599999904632568359e+00,3.215653893537819386e+00,-6.581907455054511580e+00,-4.883574451646618408e-01
6.599999904632568359e+00,3.224368402734398842e+00,-6.577401791240249374e+00,-5.456962687608046814e-01
6.576000213623046875e+00,3.233082911930978298e+00,-6.548497308391366012e+00,-6.008009750003655558e-01
6.567999839782714844e+00,3.241797421127557755e+00,-6.535052793845401276e+00,-6.570440449765780899e-01
6.567999839782714844e+00,3.250511930324137211e+00,-6.529078906834677731e+00,-7.139681531498843770e-01
5.239999771118164062e+00,3.259226439520716667e+00,-5.203786766465158031e+00,-6.149803984522692613e-01
5.239999771118164062e+00,3.267940948717296124e+00,-5.198229988478037633e+00,-6.603049206283665429e-01
5.208000183105468750e+00,3.276655457913875580e+00,-5.160570281712415053e+00,-7.012704718817409644e-01
5.208000183105468750e+00,3.285369967110455036e+00,-5.154263178581871330e+00,-7.462151118422263307e-01
5.168000221252441406e+00,3.294084476307034492e+00,-5.108028861711939150e+00,-7.850270280589782823e-01
5.144000053405761719e+00,3.302798985503613949e+00,-5.077304874938423751e+00,-8.256583775176015161e-01
5.127999782562255859e+00,3.311513494700193405e+00,-5.054147130218341388e+00,-8.671669712715330824e-01
5.104000091552734375e+00,3.320228003896772861e+00,-5.022780593751137168e+00,-9.069134697463095973e-01
4.920000076293945312e+00,3.328942513093352318e+00,-4.833906415417632552e+00,-9.163784795141568518e-01
3.431999921798706055e+00,3.442231132648885250e+00,-3.278066526089534971e+00,-1.016318509994583952e+00
3.431999921798706055e+00,3.450945641845464706e+00,-3.269085449412199029e+00,-1.044846298585473177e+00
3.420000076293945312e+00,3.459660151042044163e+00,-3.248458159422041192e+00,-1.069542008681733103e+00
3.420000076293945312e+00,3.468374660238623619e+00,-3.239014396208581559e+00,-1.097809757200285397e+00
3.767999887466430664e+00,3.503232697024941444e+00,-3.524277441382700271e+00,-1.333151029744208405e+00
3.767999887466430664e+00,3.511947206221520901e+00,-3.512526010846842794e+00,-1.363812367985934415e+00
3.779999971389770508e+00,3.520661715418100357e+00,-3.511656023804777593e+00,-1.398810835739516367e+00
3.779999971389770508e+00,3.529376224614679813e+00,-3.499332886777057006e+00,-1.429359692739100574e+00
3.796000003814697266e+00,3.538090733811259270e+00,-3.501502737541223542e+00,-1.465979061225807234e+00
4.191999912261962891e+00,3.546805243007838726e+00,-3.852525941618808236e+00,-1.652545652488432992e+00
4.151999950408935547e+00,3.555519752204418182e+00,-3.801356814835653353e+00,-1.669967051919988954e+00
4.151999950408935547e+00,3.564234261400997639e+00,-3.786659714120627296e+00,-1.703030181074807636e+00
4.231999874114990234e+00,3.572948770597577095e+00,-3.844346943944584538e+00,-1.769412193100643016e+00
4.248000144958496094e+00,3.581663279794156551e+00,-3.843257396512295365e+00,-1.809662348539344823e+00
4.084000110626220703e+00,3.633950334973633289e+00,-3.598905932284182096e+00,-1.930526610581865476e+00
4.084000110626220703e+00,3.642664844170212746e+00,-3.581945898920372517e+00,-1.961815608257439614e+00
4.119999885559082031e+00,3.651379353366792202e+00,-3.596136198471094669e+00,-2.010523190379238656e+00
4.144000053405761719e+00,3.660093862563371658e+00,-3.599324804135822120e+00,-2.053678990728488696e+00
4.151999950408935547e+00,3.668808371759951115e+00,-3.588205157063580675e+00,-2.088991943263097006e+00
4.084000110626220703e+00,3.677522880956530571e+00,-3.511398746398098236e+00,-2.085458162464269183e+00
3.992000102996826172e+00,3.686237390153110027e+00,-3.414403244021593231e+00,-2.068312188607293489e+00
4.199999809265136719e+00,3.694951899349689484e+00,-3.573208135151908049e+00,-2.207301977689370975e+00
3.355999946594238281e+00,3.703666408546268940e+00,-2.839685194249451428e+00,-1.788553504679405659e+00
3.355999946594238281e+00,3.712380917742848396e+00,-2.823991199605792257e+00,-1.813231740867550679e+00
4.151999950408935547e+00,3.721095426939427853e+00,-3.474123838810923459e+00,-2.273668212559047941e+00
4.151999950408935547e+00,3.729809936136007309e+00,-3.454178270762227942e+00,-2.303856779834603241e+00
3.839999914169311523e+00,3.869242083281278610e+00,-2.867481022323667528e+00,-2.554046187412031710e+00
3.839999914169311523e+00,3.877956592477858067e+00,-2.845115163652310653e+00,-2.578937580938321705e+00
3.823999881744384766e+00,3.886671101674437523e+00,-2.810772661438901032e+00,-2.592784630718244721e+00
3.823999881744384766e+00,3.895385610871016979e+00,-2.788071373798501895e+00,-2.617180374025909639e+00
3.375999927520751953e+00,4.034817758016288280e+00,-2.116423199808121769e+00,-2.630233516236547775e+00
3.375999927520751953e+00,4.043532267212867737e+00,-2.093421932850433986e+00,-2.648576999386817121e+00
3.351999998092651367e+00,4.052246776409447193e+00,-2.055544229664034717e+00,-2.647761678684096509e+00
3.351999998092651367e+00,4.060961285606026649e+00,-2.032392526948013867e+00,-2.665573972640602030e+00
3.348000049591064453e+00,4.069675794802606106e+00,-2.006689032858276267e+00,-2.679981988273071547e+00
3.384000062942504883e+00,4.078390303999185562e+00,-2.004583771379596868e+00,-2.726371275068094846e+00
4.019999980926513672e+00,4.087104813195765018e+00,-2.353017336499275469e+00,-3.259403206230095495e+00
2.095999956130981445e+00,4.104533831588923931e+00,-1.197042595943463850e+00,-1.720553643336356187e+00
2.095999956130981445e+00,4.113248340785503387e+00,-1.182003552154547998e+00,-1.730919818707703062e+00
2.111999988555908203e+00,4.130677359178662300e+00,-1.160448616941476718e+00,-1.764625444421215050e+00
2.111999988555908203e+00,4.139391868375241756e+00,-1.145026903411272556e+00,-1.774671051807784394e+00
2.104000091552734375e+00,4.148106377571821213e+00,-1.125239810931813356e+00,-1.777822193906930526e+00
2.099999904632568359e+00,4.156820886768400669e+00,-1.107594629840161327e+00,-1.784161914010617966e+00
2.296000003814697266e+00,4.296253033913671970e+00,-9.281102290923607390e-01,-2.100054146961743307e+00
2.296000003814697266e+00,4.304967543110251427e+00,-9.097742781898785491e-01,-2.108062328362512172e+00
2.292000055313110352e+00,4.313682052306830883e+00,-8.898163489535627635e-01,-2.112224211273569185e+00
2.292000055313110352e+00,4.322396561503410339e+00,-8.713757973166309512e-01,-2.119898222416846778e+00
2.279999971389770508e+00,4.331111070699989796e+00,-8.484037572758797996e-01,-2.116272887455094676e+00
2.038000106811523438e+00,4.339825579896569252e+00,-7.418405365848804722e-01,-1.898187834131079166e+00
2.029999971389770508e+00,4.348540089093148708e+00,-7.224237636854581313e-01,-1.897104053420635816e+00
2.042000055313110352e+00,4.357254598289728165e+00,-7.100368365559581729e-01,-1.914578783083201508e+00
2.243999958038330078e+00,4.365969107486307621e+00,-7.619110131882705916e-01,-2.110693587344797617e+00
2.243999958038330078e+00,4.374683616682887077e+00,-7.434886567244654021e-01,-2.117253038490694461e+00
2.395999908447265625e+00,4.383398125879466534e+00,-7.741192237983950397e-01,-2.267499721857772599e+00
2.395999908447265625e+00,4.392112635076045990e+00,-7.543299325699039937e-01,-2.274159606120113253e+00
4.216000080108642578e+00,4.409541653469204903e+00,-1.257376323945434304e+00,-4.024134870435823963e+00
4.216000080108642578e+00,4.418256162665784359e+00,-1.222260663515411849e+00,-4.034939348478356891e+00
3.667999982833862305e+00,4.670976929366588593e+00,-1.518559892978032233e-01,-3.664855199401962693e+00
3.667999982833862305e+00,4.679691438563168049e+00,-1.199132130541796515e-01,-3.666039374502712445e+00
3.696000099182128906e+00,4.688405947759747505e+00,-8.863279366874979304e-02,-3.694937206643812644e+00
3.696000099182128906e+00,4.697120456956326962e+00,-5.643027146837913816e-02,-3.695569287351585963e+00
3.716000080108642578e+00,4.705834966152906418e+00,-2.435454305081760293e-02,-3.715920269812072352e+00
3.752000093460083008e+00,4.714549475349485874e+00,8.106171003583521190e-03,-3.751991336785858611e+00
3.759999990463256836e+00,4.723263984546065331e+00,4.088920956666806938e-02,-3.759777653109915629e+00
3.783999919891357422e+00,4.731978493742644787e+00,7.412197605884517093e-02,-3.783273889953373548e+00
4.136000156402587891e+00,4.740693002939224243e+00,1.170498118056982340e-01,-4.134343555550080929e+00
4.136000156402587891e+00,4.749407512135803699e+00,1.530736862143393939e-01,-4.133166551247479781e+00
2.851999998092651367e+00,4.758122021332383156e+00,1.303851712654242323e-01,-2.849018023150181822e+00
2.851999998092651367e+00,4.766836530528962612e+00,1.552076999146997927e-01,-2.847773614423673383e+00
2.859999895095825195e+00,4.775551039725542068e+00,1.805233958164428887e-01,-2.854296884262573109e+00
2.880000114440917969e+00,4.784265548922121525e+00,2.068263324342509146e-01,-2.872563929208799660e+00
2.891999959945678711e+00,4.836552604101598263e+00,3.581592702326313327e-01,-2.869736173496134413e+00
2.891999959945678711e+00,4.845267113298177719e+00,3.831536962764762189e-01,-2.866506063722084718e+00
2.839999914169311523e+00,4.853981622494757175e+00,4.007807785014436686e-01,-2.811578609974381138e+00
2.828000068664550781e+00,4.862696131691336632e+00,4.234698991539950774e-01,-2.796114738861266602e+00
2.835999965667724609e+00,4.871410640887916088e+00,4.490870807198575898e-01,-2.800217241429288073e+00
3.243999958038330078e+00,4.880125150084495544e+00,5.415881312391114255e-01,-3.198471201035522071e+00
3.184000015258789062e+00,4.888839659281075001e+00,5.589081419398372885e-01,-3.134561817230811620e+00
3.148000001907348633e+00,4.897554168477654457e+00,5.795748187548476205e-01,-3.094187622215878619e+00
3.328000068664550781e+00,4.906268677674233913e+00,6.411969315087792110e-01,-3.265647095455199267e+00
3.328000068664550781e+00,4.914983186870813370e+00,6.696307360041340306e-01,-3.259935449426846432e+00
3.351999998092651367e+00,4.923697696067392826e+00,7.030474249218289229e-01,-3.277442342059417424e+00
5.111999988555908203e+00,4.932412205263972282e+00,1.115705694384336866e+00,-4.988761839025187328e+00
5.111999988555908203e+00,4.941126714460551739e+00,1.159137390482271712e+00,-4.978849705803695791e+00
5.176000118255615234e+00,4.949841223657131195e+00,1.217535625642713004e+00,-5.030763781422553649e+00
5.127999782562255859e+00,4.958555732853710651e+00,1.249632367684093914e+00,-4.973409365374499735e+00
5.119999885559082031e+00,5.193847481161355972e+00,2.370930464574556584e+00,-4.537960727053209631e+00
5.119999885559082031e+00,5.202561990357935429e+00,2.410386037700838369e+00,-4.517127181891369858e+00
5.104000091552734375e+00,5.211276499554514885e+00,2.442003476216574764e+00,-4.481900931158171453e+00
5.104000091552734375e+00,5.219991008751094341e+00,2.480967823199297317e+00,-4.460450156073942907e+00
3.052000045776367188e+00,5.228705517947673798e+00,1.506711977484516130e+00,-2.654152086132903765e+00
3.052000045776367188e+00,5.237420027144253254e+00,1.529784105991424115e+00,-2.640921215878082151e+00
3.036000013351440430e+00,5.246134536340832710e+00,1.544599859171397194e+00,-2.613715240059185430e+00
3.036000013351440430e+00,5.254849045537412167e+00,1.567318166227149812e+00,-2.600155735121323364e+00
3.036000013351440430e+00,5.263563554733991623e+00,1.589917447709039866e+00,-2.586398768662775183e+00
3.016000032424926758e+00,5.272278063930571079e+00,1.601774153105502085e+00,-2.555499121117107642e+00
2.980000019073486328e+00,5.280992573127150536e+00,1.604598551610078250e+00,-2.511108042647471894e+00
2.980000019073486328e+00,5.289707082323729992e+00,1.626420420401886613e+00,-2.497029581278069177e+00
2.960000038146972656e+00,5.298421591520309448e+00,1.637057586050805424e+00,-2.466098677219463742e+00
2.960000038146972656e+00,5.307136100716888905e+00,1.658485992773117035e+00,-2.451739063931039020e+00
2.960000038146972656e+00,5.315850609913468361e+00,1.679788450437167624e+00,-2.437193260208959877e+00
2.960000038146972656e+00,5.324565119110047817e+00,1.700963341287671238e+00,-2.422462370693414968e+00
4.736000061035156250e+00,5.333279628306627274e+00,2.755214491611271743e+00,-3.852076022528662769e+00
4.711999893188476562e+00,5.341994137503206730e+00,2.774546485272811669e+00,-3.808521339636749659e+00
4.696000099182128906e+00,5.350708646699786186e+00,2.798096680638680667e+00,-3.771348816712312590e+00
4.639999866485595703e+00,5.359423155896365643e+00,2.797097260182855205e+00,-3.702140688583284156e+00
4.592000007629394531e+00,5.368137665092945099e+00,2.799984932991759656e+00,-3.639580806231329291e+00
4.552000045776367188e+00,5.376852174289524555e+00,2.806929932097640190e+00,-3.583552535270326356e+00
4.472000122070312500e+00,5.490140793845057487e+00,3.137910259566540461e+00,-3.186268082679788449e+00
4.472000122070312500e+00,5.498855303041636944e+00,3.165557520741680175e+00,-3.158802094888611300e+00
3.951999902725219727e+00,5.507569812238216400e+00,2.821689307867562224e+00,-2.767015121210222972e+00
3.951999902725219727e+00,5.516284321434795856e+00,2.845695038753711881e+00,-2.742320728425589493e+00
3.888000011444091797e+00,5.524998830631375313e+00,2.823015351894033298e+00,-2.673411380981211227e+00
3.832000017166137695e+00,5.533713339827954769e+00,2.805210609402231992e+00,-2.610558861328056146e+00
3.823999881744384766e+00,5.542427849024534225e+00,2.821949782992186240e+00,-2.580615143304290093e+00
3.871999979019165039e+00,5.551142358221113682e+00,2.880034115025889463e+00,-2.588008372052041484e+00
3.848000049591064453e+00,5.559856867417693138e+00,2.884487182861459331e+00,-2.546927182618457852e+00
3.844000101089477539e+00,5.568571376614272594e+00,2.903551248858366574e+00,-2.519072631431839238e+00
4.383999824523925781e+00,5.577285885810852051e+00,3.336348320811119095e+00,-2.843982127870468446e+00
4.383999824523925781e+00,5.586000395007431507e+00,3.361005230728919102e+00,-2.814799868629856316e+00
4.383999824523925781e+00,5.594714904204010963e+00,3.385406898549127686e+00,-2.785403847323002946e+00
3.207999944686889648e+00,5.603429413400590420e+00,2.494945567672830933e+00,-2.016559014623867441e+00
3.211999893188476562e+00,5.612143922597169876e+00,2.515556589400207432e+00,-1.997227668386351240e+00
3.211999893188476562e+00,5.620858431793749332e+00,2.532865709551468392e+00,-1.975230267898181236e+00
3.216000080108642578e+00,5.629572940990328789e+00,2.553158196545553871e+00,-1.955515210544538807e+00
3.344000101089477539e+00,5.655716468580067158e+00,2.707022049864952429e+00,-1.963254516773458525e+00
3.344000101089477539e+00,5.664430977776646614e+00,2.724027844268106069e+00,-1.939589899885666657e+00
3.339999914169311523e+00,5.673145486973226070e+00,2.737548116004873133e+00,-1.913486278813929520e+00
3.063999891281127930e+00,5.681859996169805527e+00,2.526533140646860076e+00,-1.733414440629787112e+00
3.023999929428100586e+00,5.690574505366384983e+00,2.508363489931172641e+00,-1.688990282849923696e+00
4.487999916076660156e+00,5.699289014562964439e+00,3.744432777684442382e+00,-2.474139531252528279e+00
2.931999921798706055e+00,5.777719597332179546e+00,2.565350592030643639e+00,-1.419718240143319710e+00
2.931999921798706055e+00,5.786434106528759003e+00,2.577625173924913415e+00,-1.397308843518918930e+00
2.960000038146972656e+00,5.795148615725338459e+00,2.614435252041201529e+00,-1.387922382092867224e+00
2.960000038146972656e+00,5.803863124921917915e+00,2.626430888346876991e+00,-1.365086449484981923e+00
4.328000068664550781e+00,5.812577634118497372e+00,3.857515805126802810e+00,-1.962436344842112490e+00
4.335999965667724609e+00,5.821292143315076828e+00,3.881632375347966235e+00,-1.932311001086784996e+00
4.343999862670898438e+00,5.830006652511656284e+00,3.905516301375390409e+00,-1.901914095477467592e+00
4.335999965667724609e+00,5.838721161708235741e+00,3.914719406140816371e+00,-1.864367901851724518e+00
4.328000068664550781e+00,5.847435670904815197e+00,3.923565267853222238e+00,-1.826806005917493980e+00
4.343999862670898438e+00,5.856150180101394653e+00,3.953898778078170029e+00,-1.799171826034616561e+00
4.352000236511230469e+00,5.864864689297974110e+00,3.976737866296558011e+00,-1.767897621853965484e+00
3.288000106811523438e+00,5.873579198494553566e+00,3.016009374233794116e+00,-1.309439634701220490e+00
3.288000106811523438e+00,5.882293707691133022e+00,3.027305832363077709e+00,-1.283107205081899016e+00
4.375999927520751953e+00,5.891008216887712479e+00,4.043770355118059712e+00,-1.672512086871120074e+00
4.375999927520751953e+00,5.899722726084291935e+00,4.058191746214068196e+00,-1.637209551835573151e+00
4.383999824523925781e+00,5.908437235280871391e+00,4.079749652426681195e+00,-1.604710950592096452e+00
4.383999824523925781e+00,5.917151744477450848e+00,4.093578831202204782e+00,-1.569097452091171574e+00
4.392000198364257812e+00,5.925866253674030304e+00,4.114592187964836612e+00,-1.536163034697300755e+00
4.392000198364257812e+00,5.934580762870609760e+00,4.127822689848504645e+00,-1.500248507282555543e+00
4.400000095367431641e+00,5.943295272067189217e+00,4.148281949386534606e+00,-1.466887080735003623e+00
3.124000072479248047e+00,5.952009781263768673e+00,2.954244310862042422e+00,-1.015783935977333075e+00
3.124000072479248047e+00,5.960724290460348129e+00,2.962984081381507817e+00,-9.900009021865227021e-01
3.108000040054321289e+00,5.969438799656927586e+00,2.956279861807635356e+00,-9.592046849595188274e-01
3.191999912261962891e+00,5.978153308853507042e+00,3.044648715808085271e+00,-9.586332130739870783e-01
3.151999950408935547e+00,5.986867818050086498e+00,3.014630325243483178e+00,-9.203845334968980829e-01
3.140000104904174805e+00,5.995582327246665955e+00,3.011029483879516633e+00,-8.906750844199471384e-01
3.140000104904174805e+00,6.004296836443245411e+00,3.018676849765832948e+00,-8.644019525001404025e-01
3.140000104904174805e+00,6.013011345639824867e+00,3.026094970721484145e+00,-8.380631760030800015e-01
3.148000001907348633e+00,6.021725854836404324e+00,3.041011293919753999e+00,-8.137286539511626726e-01
3.151999950408935547e+00,6.030440364032983780e+00,3.051859848262957087e+00,-7.881974079748883533e-01
3.140000104904174805e+00,6.039154873229563236e+00,3.046968317823115502e+00,-7.586730053062399337e-01
3.115999937057495117e+00,6.047869382426142693e+00,3.030125259512521652e+00,-7.264960560157831537e-01
3.140000104904174805e+00,6.056583891622722149e+00,3.059727796033813174e+00,-7.054547986769194035e-01
3.164000034332275391e+00,6.065298400819301605e+00,3.089191714271170675e+00,-6.839523153941258204e-01
4.559999942779541016e+00,6.074012910015881062e+00,4.460606088094395183e+00,-9.468858458149208568e-01
4.559999942779541016e+00,6.082727419212460518e+00,4.468688254966883378e+00,-9.079783907508195417e-01
4.544000148773193359e+00,6.091441928409039974e+00,4.460724486239927344e+00,-8.659528912766198960e-01
4.487999916076660156e+00,6.100156437605619431e+00,4.413036510042503302e+00,-8.168549490184857653e-01
2.907999992370605469e+00,6.187301529571413994e+00,2.894642592703336348e+00,-2.784029743647662980e-01
2.907999992370605469e+00,6.196016038767993450e+00,2.896958794527138892e+00,-2.531673328834257997e-01
2.859999895095825195e+00,6.204730547964572906e+00,2.851202545806045485e+00,-2.241504912715019393e-01
2.859999895095825195e+00,6.213445057161152363e+00,2.853047619317194972e+00,-1.992954637130939233e-01
2.815999984741210938e+00,6.222159566357731819e+00,2.810758021301851262e+00,-1.717418404169537838e-01
2.808000087738037109e+00,6.230874075554311275e+00,2.804158966866607372e+00,-1.468229589622339348e-01
2.803999900817871094e+00,6.239588584750890732e+00,2.801335577715537095e+00,-1.222064843279158097e-01
2.808000087738037109e+00,6.248303093947470188e+00,2.806291917504057931e+00,-9.792939542456635671e-02
