x, y, th, stamp, 
-0.28920161724090576, 2.879279613494873, 2.198320506845879, 1791229183733467922
-0.28920161724090576, 2.879279613494873, 2.198320506845879, 1791229183784446881
-0.28920161724090576, 2.879279613494873, 2.1983200042132904, 1791229183835723034
-0.2892032563686371, 2.879272937774658, 2.1982673805432134, 1791229183882034967
-0.28979718685150146, 2.8804399967193604, 2.1942924780610906, 1791229183944019272
-0.291532963514328, 2.883221387863159, 2.185150105662812, 1791229183992457351
-0.2941928505897522, 2.887599229812622, 2.170495207253444, 1791229184042472158
-0.2962716519832611, 2.8913657665252686, 2.159148797745938, 1791229184084466425
-0.29871025681495667, 2.895343065261841, 2.1448783481009577, 1791229184134446467
-0.3011930584907532, 2.8993091583251953, 2.129986669020242, 1791229184185450797
-0.3040534555912018, 2.904311180114746, 2.1137046828394666, 1791229184243711447
-0.30563029646873474, 2.9075422286987305, 2.1009615746495234, 1791229184283486943
-0.30710652470588684, 2.910782814025879, 2.0886802209326403, 1791229184323430125
-0.31026995182037354, 2.9165995121002197, 2.067765289905926, 1791229184393537784
-0.31238919496536255, 2.9209184646606445, 2.052771716507721, 1791229184443443032
-0.31417056918144226, 2.924166440963745, 2.0413259892719333, 1791229184483475766
-0.31613439321517944, 2.9288313388824463, 2.0251526602497787, 1791229184538445950
-0.3180142343044281, 2.9330055713653564, 2.010232006845498, 1791229184589463984
-0.31920647621154785, 2.936403751373291, 1.998073726087666, 1791229184628312930
-0.32118919491767883, 2.942418098449707, 1.9765103004788314, 1791229184697975765
-0.3219299614429474, 2.9450342655181885, 1.9675560592175325, 1791229184728932523
-0.3237411677837372, 2.9502274990081787, 1.9499722347677813, 1791229184788460182
-0.3252233862876892, 2.954507827758789, 1.9346989940212, 1791229184838487677
-0.3265830874443054, 2.958873748779297, 1.9193012635478317, 1791229184888464727
-0.3283139765262604, 2.96347975730896, 1.904937037161743, 1791229184938482859
-0.32987838983535767, 2.9677786827087402, 1.889195337318328, 1791229184990459346
-0.33080002665519714, 2.971334934234619, 1.877429898259127, 1791229185028760886
-0.33198514580726624, 2.975874900817871, 1.8627717984453205, 1791229185078918754
-0.3337141275405884, 2.9818546772003174, 1.8433135906925502, 1791229185144865810
-0.33474087715148926, 2.9858577251434326, 1.829631217758057, 1791229185188484144
-0.33553534746170044, 2.9904472827911377, 1.8146621711042714, 1791229185238453858
-0.336826890707016, 2.9952988624572754, 1.7998370822604473, 1791229185288483323
-0.33760491013526917, 2.9995715618133545, 1.784325855684138, 1791229185338452418
-0.3388436734676361, 3.0038254261016846, 1.7708931881102306, 1791229185384467172
-0.33970755338668823, 3.008206367492676, 1.7583400553467852, 1791229185428293523
-0.34054988622665405, 3.0128180980682373, 1.7428859992164583, 1791229185478252429
-0.3411369323730469, 3.0187528133392334, 1.7231050805924664, 1791229185545854221
-0.3413276672363281, 3.022738456726074, 1.7107417910806004, 1791229185589541213
-0.34156644344329834, 3.0273492336273193, 1.696089740663159, 1791229185638487886
-0.3422553241252899, 3.031982660293579, 1.681030467248406, 1791229185688464895
-0.34299540519714355, 3.0366759300231934, 1.6660213566780921, 1791229185739497913
-0.34331390261650085, 3.0412306785583496, 1.6529036552987224, 1791229185785462393
-0.34353354573249817, 3.047092914581299, 1.6342532108203622, 1791229185848313955
-0.3436606228351593, 3.0497591495513916, 1.624865121984935, 1791229185878169542
-0.3436986804008484, 3.0543999671936035, 1.6104228589722265, 1791229185928522263
-0.34397149085998535, 3.0600130558013916, 1.5925071674189413, 1791229185988501661
-0.3441067039966583, 3.064746379852295, 1.5775906315876767, 1791229186038488269
-0.34383559226989746, 3.0694632530212402, 1.5624660197955509, 1791229186088465329
-0.34390145540237427, 3.0743377208709717, 1.5477973516135837, 1791229186140468570
-0.3435937464237213, 3.0787765979766846, 1.534205214350067, 1791229186186465268
-0.3437159061431885, 3.0828840732574463, 1.5209482847499538, 1791229186228480528
-0.34378549456596375, 3.087705373764038, 1.506114835356027, 1791229186279549094
-0.343475878238678, 3.094588041305542, 1.486582247891696, 1791229186346531510
-0.34331196546554565, 3.098538637161255, 1.4730796701302271, 1791229186388470222
-0.34261515736579895, 3.1031510829925537, 1.4577515755651258, 1791229186439464135
-0.34185075759887695, 3.1079654693603516, 1.4439621537536227, 1791229186488493369
-0.3410581350326538, 3.1122496128082275, 1.428584503223142, 1791229186536456589
-0.3405798077583313, 3.1168603897094727, 1.4131641103945967, 1791229186586490001
-0.33991533517837524, 3.12077260017395, 1.4009028999396602, 1791229186628787603
-0.3386392593383789, 3.1252124309539795, 1.3868627690891098, 1791229186678489008
-0.33740317821502686, 3.1313939094543457, 1.365679183967864, 1791229186746487283
-0.3363604247570038, 3.135274648666382, 1.3539262990584393, 1791229186788661352
-0.33521178364753723, 3.1397528648376465, 1.3396277100523215, 1791229186838479416
-0.33442607522010803, 3.144611120223999, 1.3235178055868795, 1791229186889470209
-0.33341673016548157, 3.1493945121765137, 1.3089774794106457, 1791229186937500841
-0.3321487307548523, 3.153918743133545, 1.2943336225848825, 1791229186987558532
-0.33109575510025024, 3.157707929611206, 1.2829124090770978, 1791229187028498809
-0.33009248971939087, 3.1624796390533447, 1.266809734073271, 1791229187079832880
-0.32866087555885315, 3.166984796524048, 1.251812796964096, 1791229187130146982
-0.3268973231315613, 3.172436237335205, 1.2341534023718765, 1791229187189470030
-0.32535091042518616, 3.176961898803711, 1.2183096410081662, 1791229187240504875
-0.3239354193210602, 3.181637763977051, 1.2033261188871303, 1791229187291472808
-0.32213976979255676, 3.185969352722168, 1.1900413064127868, 1791229187337489457
-0.32038819789886475, 3.1905407905578613, 1.17629980291609, 1791229187388528705
-0.3187892436981201, 3.193962812423706, 1.163851043608892, 1791229187428762798
-0.3164553940296173, 3.1980998516082764, 1.148598733958475, 1791229187479577119
-0.31425899267196655, 3.202428102493286, 1.1344306882368866, 1791229187528085361
-0.3121022582054138, 3.2076094150543213, 1.1154525467728285, 1791229187589542452
-0.3099857270717621, 3.2118213176727295, 1.1008586051502658, 1791229187639552493
-0.3077141046524048, 3.2161989212036133, 1.087204039829305, 1791229187688490888
-0.3055625259876251, 3.2207577228546143, 1.071421700700903, 1791229187738572752
-0.30337002873420715, 3.225067615509033, 1.0558254284462028, 1791229187788303838
-0.3016769587993622, 3.2282888889312744, 1.0448662492961756, 1791229187828456552
-0.2992776036262512, 3.232823133468628, 1.0309437420177634, 1791229187879105035
-0.2959134876728058, 3.238431692123413, 1.0095321299143114, 1791229187948110078
-0.2939179539680481, 3.241872787475586, 0.9976946157299724, 1791229187989546834
-0.2912003695964813, 3.2459895610809326, 0.9831339477078502, 1791229188039805736
-0.28857120871543884, 3.2496695518493652, 0.9668777824643053, 1791229188088857603
-0.2858690321445465, 3.2535758018493652, 0.9522465846222412, 1791229188138350145
-0.28304001688957214, 3.257448434829712, 0.938056484475631, 1791229188188970701
-0.2806967794895172, 3.260450839996338, 0.9255251439176542, 1791229188228571034
-0.2767750024795532, 3.2657694816589355, 0.9039784934451311, 1791229188299249566
-0.27381616830825806, 3.269318103790283, 0.889209245348843, 1791229188349166794
-0.2712809145450592, 3.272381544113159, 0.8776089607540533, 1791229188389062381
-0.26808974146842957, 3.275688886642456, 0.8621005093208252, 1791229188440637383
-0.2649526000022888, 3.278996467590332, 0.8479385062777297, 1791229188488678265
-0.2616868019104004, 3.2826085090637207, 0.8340255813522841, 1791229188538495947
-0.25853943824768066, 3.2861359119415283, 0.8192496377120237, 1791229188589903816
-0.25582462549209595, 3.289149761199951, 0.8065057487014996, 1791229188629326660
-0.2527334690093994, 3.29280948638916, 0.7915531598516754, 1791229188680891998
-0.24803979694843292, 3.297630548477173, 0.7715182392765725, 1791229188749954192
-0.24536122381687164, 3.300286054611206, 0.7593723375408219, 1791229188789497308
-0.24206817150115967, 3.3037819862365723, 0.744464395129047, 1791229188839566364
-0.23851805925369263, 3.3069353103637695, 0.7300506227819477, 1791229188888626044
-0.23497314751148224, 3.3104310035705566, 0.7156068910595992, 1791229188938649413
-0.2315918207168579, 3.3136966228485107, 0.6995292785554605, 1791229188989585624
-0.2285989671945572, 3.316145420074463, 0.6882675067068555, 1791229189028544431
-0.2247522920370102, 3.3195996284484863, 0.6738669368643077, 1791229189078681267
-0.21964794397354126, 3.323641300201416, 0.6520035977708328, 1791229189149083224
-0.2166414111852646, 3.3260016441345215, 0.6406794325958447, 1791229189189516328
-0.2127494066953659, 3.329115629196167, 0.6265587910016049, 1791229189238482667
-0.20885401964187622, 3.3320703506469727, 0.6120514190551216, 1791229189288513393
-0.2050779163837433, 3.335441827774048, 0.596968619518066, 1791229189338486550
-0.20097126066684723, 3.338514566421509, 0.582103214672941, 1791229189389577416
-0.19600237905979156, 3.3416895866394043, 0.5632800482696309, 1791229189448138750
-0.19210563600063324, 3.3444643020629883, 0.5483738928324775, 1791229189498228336
-0.18805420398712158, 3.3470425605773926, 0.5345837614408337, 1791229189549655044
-0.18472741544246674, 3.348923921585083, 0.5226735364370414, 1791229189589497535
-0.1805354207754135, 3.351641893386841, 0.5084153950998225, 1791229189638514459
-0.1764618307352066, 3.354375123977661, 0.4924045746841393, 1791229189689513150
-0.1719488799571991, 3.3571133613586426, 0.47787830220046235, 1791229189739521118
-0.16740180552005768, 3.3597352504730225, 0.46267444175688266, 1791229189789496987
-0.16408032178878784, 3.361440896987915, 0.44985826236150606, 1791229189830765042
-0.15782296657562256, 3.364549398422241, 0.4299821925671626, 1791229189898207853
-0.15328186750411987, 3.366755962371826, 0.41504005051241544, 1791229189949591555
-0.1499534547328949, 3.3683507442474365, 0.4016949711085663, 1791229189990532861
-0.14556610584259033, 3.3702785968780518, 0.3864173225814678, 1791229190039522633
-0.14106608927249908, 3.371756076812744, 0.37243475499505946, 1791229190088517867
-0.13655276596546173, 3.373675584793091, 0.3571748496356142, 1791229190140492453
-0.13235947489738464, 3.375387191772461, 0.342593824519188, 1791229190189613172
-0.1288338005542755, 3.376474380493164, 0.33094153901218665, 1791229190229549359
-0.12412476539611816, 3.3778464794158936, 0.3174942379418229, 1791229190278833877
-0.11802136152982712, 3.380289316177368, 0.295962191820581, 1791229190349340203
-0.1144101470708847, 3.381540060043335, 0.28401990777355796, 1791229190389508971
-0.10975842922925949, 3.382936477661133, 0.26995319462415335, 1791229190439524378
-0.10511597245931625, 3.384063959121704, 0.2555027729979528, 1791229190488513204
-0.1006011888384819, 3.385110855102539, 0.23952873773030742, 1791229190539498862
-0.09590037912130356, 3.386425018310547, 0.22479065820644697, 1791229190589585052
-0.09206213057041168, 3.3871304988861084, 0.21378858501408146, 1791229190629531832
-0.08730294555425644, 3.388418197631836, 0.19818562913149965, 1791229190679539272
-0.08093290030956268, 3.3897488117218018, 0.17652859355149536, 1791229190749078273
-0.076950803399086, 3.3906173706054688, 0.16524191875565242, 1791229190789540024
-0.07222207635641098, 3.391525983810425, 0.14987149072053232, 1791229190839497260
-0.0677177757024765, 3.3920748233795166, 0.1340218532194211, 1791229190889520744
-0.0629245936870575, 3.392810583114624, 0.11951147257135789, 1791229190938499953
-0.05821024999022484, 3.3932950496673584, 0.10544358632576147, 1791229190989601625
-0.05435354635119438, 3.3940117359161377, 0.09353243663912399, 1791229191029264965
-0.04950084164738655, 3.3946285247802734, 0.07811892723373325, 1791229191079804862
-0.04462960362434387, 3.3949697017669678, 0.06332338107561977, 1791229191129052184
-0.038851261138916016, 3.3954153060913086, 0.04642452990244697, 1791229191189505395
-0.03426765277981758, 3.3957271575927734, 0.03122916930362309, 1791229191239705124
-0.029261957854032516, 3.3961377143859863, 0.01694362288503493, 1791229191289554293
-0.02438596822321415, 3.396476984024048, 0.0023524252510930244, 1791229191339496434
-0.019789492711424828, 3.396780014038086, -0.011312280149227834, 1791229191384608888
-0.013384832069277763, 3.397017240524292, -0.030899064072404725, 1791229191449743787
-0.010309363715350628, 3.396958827972412, -0.03979897724577669, 1791229191479336950
-0.004148142412304878, 3.396690607070923, -0.05969164158313515, 1791229191544194127
-0.00011033506598323584, 3.3963112831115723, -0.07416270896801701, 1791229191589675564
0.004846389405429363, 3.3960771560668945, -0.08851840931066693, 1791229191639500316
0.010067088529467583, 3.395805835723877, -0.10335063367492067, 1791229191689503132
0.014888417907059193, 3.395552396774292, -0.11852096732671807, 1791229191739532236
0.01909925416111946, 3.3950414657592773, -0.13172461936027496, 1791229191785576812
0.02510012686252594, 3.3940975666046143, -0.14974496899169942, 1791229191849439625
0.027974918484687805, 3.3937203884124756, -0.1586391774355478, 1791229191879508433
0.034531667828559875, 3.3931708335876465, -0.1789096822819828, 1791229191945497110
0.03869108110666275, 3.392458915710449, -0.1911131941324871, 1791229191989515744
0.04329795017838478, 3.3915202617645264, -0.20503640505243034, 1791229192039536233
0.047812603414058685, 3.39045786857605, -0.2201799003910535, 1791229192089506373
0.0523713156580925, 3.389409065246582, -0.2352929688392002, 1791229192140518111
0.056618232280015945, 3.3882596492767334, -0.24828255234719177, 1791229192185510756
0.06056983768939972, 3.3872029781341553, -0.26153072600156974, 1791229192229447367
0.06511141359806061, 3.386054754257202, -0.27668446967105625, 1791229192279815586
0.06982793658971786, 3.384676694869995, -0.2910036494208984, 1791229192329570410
0.07508490234613419, 3.3830454349517822, -0.30864687955425646, 1791229192389622408
0.07942545413970947, 3.381699562072754, -0.3244078562964479, 1791229192439513769
0.08432610332965851, 3.380436420440674, -0.33902092063454337, 1791229192489542710
0.08895054459571838, 3.37910532951355, -0.3526796955786256, 1791229192536510774
0.09377436339855194, 3.3776111602783203, -0.3681458460509278, 1791229192586519562
0.09931571036577225, 3.375579595565796, -0.3874689355944472, 1791229192649032080
0.10354415327310562, 3.3738253116607666, -0.4010079831336525, 1791229192696888651
0.10837379842996597, 3.372129201889038, -0.4154758301901526, 1791229192746545620
0.11206255108118057, 3.3706953525543213, -0.42973974590831027, 1791229192789545857
0.11649391055107117, 3.3687195777893066, -0.4444540777238564, 1791229192839510627
0.12075572460889816, 3.3666741847991943, -0.4582998244993946, 1791229192889515568
0.12479257583618164, 3.3647937774658203, -0.47318013067207737, 1791229192937592694
0.12922434508800507, 3.362701177597046, -0.4875632617005321, 1791229192987516942
0.1345353126525879, 3.359855890274048, -0.5054304561050527, 1791229193049417355
0.13699714839458466, 3.3583548069000244, -0.5144189059130183, 1791229193079713857
0.14222587645053864, 3.3552908897399902, -0.5357941112126938, 1791229193147312086
0.14550262689590454, 3.353229284286499, -0.5482789563975107, 1791229193189555574
0.14962370693683624, 3.350552797317505, -0.5623835896833875, 1791229193239547352
0.15346196293830872, 3.3481552600860596, -0.5781379832683647, 1791229193289517680
0.1571664661169052, 3.345768451690674, -0.5930823274041066, 1791229193337550350
0.16090746223926544, 3.3429391384124756, -0.6062923095212911, 1791229193386706572
0.16447176039218903, 3.3406715393066406, -0.6191696721922015, 1791229193430530300
0.1681164801120758, 3.3380167484283447, -0.6349781545948866, 1791229193480018285
0.17305541038513184, 3.3342175483703613, -0.654822450686487, 1791229193548949239
0.17617535591125488, 3.331576347351074, -0.6672366876284902, 1791229193590518590
0.17970877885818481, 3.328568696975708, -0.6829338868981856, 1791229193640528330
0.18295489251613617, 3.3256266117095947, -0.6981330351211477, 1791229193691793976
0.18626762926578522, 3.3222193717956543, -0.7110505005236364, 1791229193739847066
0.19005803763866425, 3.3191609382629395, -0.7260229314424509, 1791229193789022864
0.19261378049850464, 3.316636800765991, -0.7384772858398004, 1791229193829276106
0.19637027382850647, 3.313490152359009, -0.7531239555556022, 1791229193880364125
0.2007332593202591, 3.308715581893921, -0.7732736232157378, 1791229193949155919
0.20340442657470703, 3.305979013442993, -0.7856190885340356, 1791229193989820541
0.20674331486225128, 3.302724599838257, -0.8002239913059268, 1791229194039647803
0.21008627116680145, 3.299184799194336, -0.8148445941619835, 1791229194089814759
0.21306470036506653, 3.2955472469329834, -0.8290071293847066, 1791229194139670686
0.2161012887954712, 3.292116165161133, -0.8446652908514076, 1791229194189670448
0.21826107800006866, 3.2890782356262207, -0.8561881723507758, 1791229194229258576
0.22243429720401764, 3.2840473651885986, -0.8769541866597189, 1791229194299464335
0.22541148960590363, 3.280461311340332, -0.8923870759358031, 1791229194349002033
0.22816728055477142, 3.2775633335113525, -0.904109917253349, 1791229194389867479
0.23062622547149658, 3.2734885215759277, -0.9190196198172464, 1791229194439927578
0.23317228257656097, 3.2697508335113525, -0.9353209591975854, 1791229194489948696
0.2361254096031189, 3.2660961151123047, -0.9500334329232618, 1791229194539308843
0.23901431262493134, 3.2622883319854736, -0.9639987539876639, 1791229194589637475
0.24077588319778442, 3.2590887546539307, -0.9762501062809481, 1791229194629837421
0.24314817786216736, 3.255281448364258, -0.991120692172608, 1791229194680841529
0.24563346803188324, 3.251256227493286, -1.0056430344664804, 1791229194729430988
0.2481716275215149, 3.2463152408599854, -1.022937529989044, 1791229194789493045
0.25008150935173035, 3.2421445846557617, -1.0388965695783472, 1791229194839989456
0.25232240557670593, 3.2379310131073, -1.0532927922038773, 1791229194889102961
0.25454622507095337, 3.233656167984009, -1.0670373499766603, 1791229194939603998
0.25692760944366455, 3.2294583320617676, -1.081919926442341, 1791229194989610403
0.25841841101646423, 3.2263336181640625, -1.0950614604545634, 1791229195029733814
0.2599693238735199, 3.2220547199249268, -1.1096470267186762, 1791229195079158681
0.2628200948238373, 3.2160987854003906, -1.130434962059624, 1791229195149345612
0.2643289268016815, 3.2127113342285156, -1.1425152290814329, 1791229195189548386
0.2661743462085724, 3.2085394859313965, -1.1571533110302727, 1791229195239559890
0.26811569929122925, 3.2041354179382324, -1.1715047515113721, 1791229195289554162
0.27004918456077576, 3.199554204940796, -1.1855000915817044, 1791229195339530594
0.2720649540424347, 3.195298671722412, -1.2008089648620235, 1791229195389597601
0.27382972836494446, 3.189870834350586, -1.2178895214234262, 1791229195449809233
0.2744392156600952, 3.187176465988159, -1.226573327198112, 1791229195479705047
0.2764616012573242, 3.180866003036499, -1.2478401608194667, 1791229195549002121
0.27744585275650024, 3.177534580230713, -1.2595665010412844, 1791229195589555674
0.27863165736198425, 3.1729376316070557, -1.2737239327307872, 1791229195639529956
0.27985790371894836, 3.1685361862182617, -1.2885280475376766, 1791229195689559050
0.28134796023368835, 3.1640093326568604, -1.3040543803479405, 1791229195740533541
0.2827119827270508, 3.1593379974365234, -1.317897153482112, 1791229195789607957
0.2833370566368103, 3.1555445194244385, -1.3295920833307975, 1791229195829976146
0.28450578451156616, 3.1510019302368164, -1.3452654621063305, 1791229195879786238
0.2862232029438019, 3.14441180229187, -1.3654103966094568, 1791229195949275992
0.2869839072227478, 3.140648603439331, -1.3767713886316029, 1791229195990550461
0.2878706455230713, 3.136143684387207, -1.3917517294353792, 1791229196039570229
0.2888885736465454, 3.131493091583252, -1.4072053687043815, 1791229196089545805
0.2896285653114319, 3.126593828201294, -1.422313197157132, 1791229196139536613
0.29013094305992126, 3.1219825744628906, -1.4371250957495367, 1791229196189571386
0.29049748182296753, 3.118523359298706, -1.4496033981701588, 1791229196230480083
0.291171669960022, 3.1136398315429688, -1.4648887331614808, 1791229196279714366
0.29201504588127136, 3.1070728302001953, -1.4854979836190292, 1791229196349067747
0.29235801100730896, 3.1032137870788574, -1.4978292955432848, 1791229196389750156
0.29308322072029114, 3.0982911586761475, -1.51330107732697, 1791229196439538687
0.29314765334129333, 3.0935850143432617, -1.5273170100903088, 1791229196489571975
0.29320254921913147, 3.0888209342956543, -1.5422428380001831, 1791229196539536066
0.2931605279445648, 3.084848642349243, -1.5565389038700497, 1791229196585608516
0.29305732250213623, 3.07907772064209, -1.5742940693169398, 1791229196645620819
0.2931678295135498, 3.075392961502075, -1.5850506349785312, 1791229196683358367
0.29332688450813293, 3.0694031715393066, -1.603845438255186, 1791229196745022724
0.293283611536026, 3.064915657043457, -1.6187914863514885, 1791229196793609744
0.2928122580051422, 3.0600836277008057, -1.6323720400756145, 1791229196843625275
0.2924555838108063, 3.0562520027160645, -1.644331203042532, 1791229196885544340
0.29237210750579834, 3.051572561264038, -1.6597568567450778, 1791229196934542577
0.29233482480049133, 3.04654598236084, -1.6749164993990728, 1791229196984632331
0.2917726933956146, 3.040487289428711, -1.6924599726194112, 1791229197044808589
0.2911948263645172, 3.0369629859924316, -1.703985710744288, 1791229197084814463
0.2905225455760956, 3.0314157009124756, -1.7226207466308796, 1791229197145498962
0.28969213366508484, 3.0264787673950195, -1.7365572140792471, 1791229197194585645
0.2888621389865875, 3.021970272064209, -1.7512880262126096, 1791229197244578644
0.2882935404777527, 3.018465757369995, -1.7641723965499183, 1791229197284718026
0.2870299816131592, 3.0140109062194824, -1.7788640487991882, 1791229197334856814
0.2859160304069519, 3.0094118118286133, -1.7938274040489228, 1791229197384640493
0.2846088111400604, 3.0051636695861816, -1.8086954080284954, 1791229197434854781
0.2835580110549927, 3.0014431476593018, -1.8218223053685707, 1791229197479809007
0.28153344988822937, 2.9951603412628174, -1.8423908922814345, 1791229197550031743
